level,場所,surface,距離,距離変化区分,lead_n,first_n,win_n,LeadAdj_Raw,FirstAdj_Raw,WinAdj_Raw,LeadAdj_Prod,FirstAdj_Prod,WinAdj_Prod
COURSE,中京,ダ,1200.0,同距離,2110,2110,2110,0.0,0.00029748089679704215,0.009531978775983413,0.0,0.00028147295616222373,0.002705714154797085
COURSE,中京,ダ,1200.0,延長1-199,197,197,197,0.0,-0.0017477723679932833,-0.017905652036921058,0.0,-0.0010861550678065515,-0.0033382461683975854
COURSE,中京,ダ,1200.0,延長200-399,331,331,331,0.0,0.002230821801837868,0.00384047951337263,0.0,0.0016372550252956412,0.0008455867309931311
COURSE,中京,ダ,1200.0,短縮1-199,65,65,65,0.0,-0.0019504262371838887,-0.03789784258748724,0.0,-0.0006852848941456906,-0.003994637461924331
COURSE,中京,ダ,1200.0,短縮200-399,775,775,775,0.0,0.001036330871161617,-0.0067315894857502695,0.0,0.0008973814806148081,-0.0017487090004881984
COURSE,中京,ダ,1200.0,短縮400m+,304,304,304,0.0,-0.00029835150692081314,-0.03577233651461275,0.0,-0.0002139124011885075,-0.007694427099369534
COURSE,中京,ダ,1400.0,同距離,2371,2371,2371,0.0,0.00013045944914402696,0.01736398745182957,0.0,0.0001241747707428695,0.004958251414888146
COURSE,中京,ダ,1400.0,延長1-199,53,53,53,0.0,-0.00343001989318803,-0.011650121713159323,0.0,-0.0010508153429998012,-0.0010707337297065505
COURSE,中京,ダ,1400.0,延長200-399,1065,1065,1065,0.0,0.0019746696584583834,-0.02224450562670348,0.0,0.0017747031107663953,-0.005997569238592204
COURSE,中京,ダ,1400.0,延長400m+,67,67,67,0.0,0.009728387611882328,-0.053328522163736625,0.0,0.003485572032064791,-0.005732103184444418
COURSE,中京,ダ,1400.0,短縮200-399,862,862,862,0.0,0.0003105524044912933,0.0025117659548352517,0.0,0.00027260302716038164,0.0006614487534830917
COURSE,中京,ダ,1400.0,短縮400m+,655,655,655,0.0,-0.0005004630128897514,-0.030085956366767273,0.0,-0.0004229719657326286,-0.007628245711057767
COURSE,中京,ダ,1800.0,同距離,3412,3412,3412,0.006495888982392617,0.005381264956934584,0.015023805024842532,0.0025100762409879514,0.005198436022950396,0.004354010991910763
COURSE,中京,ダ,1800.0,延長1-199,808,808,808,0.010121705843093937,0.02876614347802431,0.007674960527262645,0.003525145828112027,0.025046383545521165,0.0020047526204832597
COURSE,中京,ダ,1800.0,延長200-399,449,449,449,-0.019595046455743968,-0.008538339497256242,-0.015112201262412986,-0.006185009390951875,-0.006737635209609934,-0.003577528137165253
COURSE,中京,ダ,1800.0,延長400m+,592,592,592,0.02607701759048489,0.010907979301790771,-0.041462047768161495,0.008672805850318571,0.009069555823960867,-0.010342218656777362
COURSE,中京,ダ,1800.0,短縮1-199,332,332,332,-0.018045418098215867,-0.035660794714272304,0.009091517845645075,-0.005301839653635104,-0.02619332709101417,0.0020033521624474547
COURSE,中京,ダ,1800.0,短縮200-399,492,492,492,-0.01836376465517541,-0.06213832019267945,-0.028497864072270486,-0.0059052105949975835,-0.04995433584117368,-0.00687301427625347
COURSE,中京,ダ,1800.0,短縮400m+,125,125,125,-0.059274333760866466,-0.11430392748511603,-0.02724583155194528,-0.012096802808340096,-0.058318330349548995,-0.0041702803395834605
COURSE,中京,ダ,1900.0,同距離,356,356,356,-0.01736239409060094,-0.014826585517936475,0.015773552290406223,-0.005194127980045323,-0.011088790849549128,0.0035391079508726563
COURSE,中京,ダ,1900.0,延長1-199,1043,1043,1043,0.013773482324666173,0.007176377114032184,-0.003097573567372225,0.004940925903568983,0.0064359082802541425,-0.0008333884516171704
COURSE,中京,ダ,1900.0,延長200-399,300,300,300,0.00031550853112190247,0.029469868236382313,0.006410256410256401,9.014529460625786e-05,0.021049905883130222,0.0013736263736263718
COURSE,中京,ダ,1900.0,延長400m+,63,63,63,0.09825201646762984,0.054365839108543645,-0.07692307692307693,0.013529785874230994,0.018716108545564207,-0.00794451450189155
COURSE,中京,ダ,1900.0,短縮1-199,235,235,235,-0.029542647497246888,-0.014327913572037776,0.016693944353518814,-0.0078225601823696,-0.009484675181489795,0.0033152762730227505
COURSE,中京,ダ,1900.0,短縮200-399,147,147,147,-0.03553483160493252,-0.015173924478838918,-0.01569858712715856,-0.007825648308501992,-0.00835418314003491,-0.002592912705272257
COURSE,中京,ダ,1900.0,短縮400m+,90,90,90,-0.03190671369110031,-0.06716664956680202,-0.021367521367521375,-0.005469722347045768,-0.02878570695720086,-0.002747252747252748
COURSE,中京,芝,1200.0,同距離,1316,1316,1316,0.0,-0.0023214863168730115,-0.0020406062493715516,0.0,-0.0021274902458251277,-0.0005610246150779168
COURSE,中京,芝,1200.0,延長200-399,48,48,48,0.0,0.00015209377731006946,-0.00640990716122565,0.0,4.345536494573413e-05,-0.0005494206138193414
COURSE,中京,芝,1200.0,短縮200-399,371,371,371,0.0,-0.002223073750044602,-0.004219880207047749,0.0,-0.001679756336591746,-0.0009565634766688686
COURSE,中京,芝,1200.0,短縮400m+,158,158,158,0.0,-0.0027633223774723437,-0.005618767920719317,0.0,-0.001570521351225289,-0.0009580201418780418
COURSE,中京,芝,1400.0,同距離,943,943,943,0.0,0.00048157354971389843,0.008890954278016838,0.0,0.00042720964946397577,0.00236618152892847
COURSE,中京,芝,1400.0,延長200-399,635,635,635,0.0,-0.00058787963238216,-0.012889090978786294,0.0,-0.0004944418100167836,-0.0032521481211374684
COURSE,中京,芝,1400.0,短縮200-399,511,511,511,0.0,-0.002414489122388508,0.010652829294878124,0.0,-0.001955315279778966,0.0025880803976304537
COURSE,中京,芝,1400.0,短縮400m+,188,188,188,0.0,-0.005622566716524391,-0.03234796181142158,0.0,-0.003431956307488914,-0.005923457942091483
COURSE,中京,芝,1600.0,同距離,1256,1256,1256,0.0,0.005397553697818136,0.02376064870557358,0.0,0.004926836805566554,0.006506549732747184
COURSE,中京,芝,1600.0,延長200-399,475,475,475,0.0,0.0011610867993498974,-0.020228623838844793,0.0,0.000926918033094456,-0.0048446704151855185
COURSE,中京,芝,1600.0,延長400m+,220,220,220,0.0,0.005076695247255181,-0.06132910230774432,0.0,0.0032849204541062936,-0.011905061036209192
COURSE,中京,芝,1600.0,短縮200-399,646,646,646,0.0,0.0006656515500447213,0.003981902476944674,0.0,0.0005613719338497258,0.0010074317232792137
COURSE,中京,芝,1600.0,短縮400m+,229,229,229,0.0,0.0012509457133871305,0.012370778597376758,0.0,0.000820821112795567,0.0024351647267615564
COURSE,中京,芝,2000.0,同距離,1600,1600,1600,0.008709209471198825,-0.087378977918942,0.019897592105849335,0.00324063608230654,-0.08128277015715535,0.005552816401632373
COURSE,中京,芝,2000.0,延長200-399,1055,1055,1055,0.017746531746080346,-0.07891806613771335,-0.011553829695098536,0.0063736479973156655,-0.0708583487449256,-0.0031121592327648393
COURSE,中京,芝,2000.0,延長400m+,395,395,395,0.045726614534489965,-0.08743579988268291,-0.0231562053625051,0.01402874776009595,-0.0670624096187568,-0.005328175408654086
COURSE,中京,芝,2000.0,短縮200-399,241,241,241,0.029769894118501727,-0.1096364968927186,0.01658327675315223,0.007949633775688551,-0.07319223199763207,0.0033212490561022327
COURSE,中京,芝,2000.0,短縮400m+,198,198,198,-9.224872235508164e-06,-0.125401300052909,-0.008145337187079965,-2.2975153492209012e-06,-0.07808005474992447,-0.0015214875123036162
COURSE,中京,芝,2200.0,同距離,311,311,311,-0.01182560361731666,0.013074299242700427,0.021296416723244282,-0.0034132368677359456,0.009434123119442767,0.004610105986725502
COURSE,中京,芝,2200.0,延長200-399,616,616,616,0.01318274815952386,0.003720143600544845,0.014150427664071943,0.004413354818623206,0.003113598448282099,0.0035529878156528466
COURSE,中京,芝,2200.0,延長400m+,337,337,337,0.021540488342189856,0.0007435964737676493,-0.04574109031349945,0.006353737042729087,0.0005483413821875226,-0.010119090220338717
COURSE,中京,芝,2200.0,短縮200-399,230,230,230,-0.009784501981639326,-0.0010981795418910645,0.03466143839247397,-0.0025719262351737663,-0.0007216608418141281,0.0068332549973734395
COURSE,中京,芝,2200.0,短縮400m+,131,131,131,0.004619746275911288,-0.010229178708520026,0.005587425780459371,0.0009644410552101652,-0.005338734704446706,0.0008748439568607699
COURSE,中京,芝,3000.0,延長400m+,42,42,42,0.0,0.02018310307806115,0.0028571428571428498,0.0,0.005232656353571409,0.0002222222222222216
COURSE,中山,ダ,1200.0,同距離,5655,5655,5655,0.0,-0.0027961052658866947,0.004896145034086585,0.0,-0.0027380043772448934,0.0014383220866368643
COURSE,中山,ダ,1200.0,延長1-199,441,441,441,0.0,-0.0019623259795911174,-0.005175009864654523,0.0,-0.0015425771069513064,-0.001220416764873072
COURSE,中山,ダ,1200.0,延長200-399,378,378,378,0.0,-0.0016227080095874147,-0.03427553896518362,0.0,-0.00123169403137358,-0.007804911884843018
COURSE,中山,ダ,1200.0,短縮1-199,396,396,396,0.0,-0.003999837587294497,-0.0030105077001523484,0.0,-0.0030696427995515908,-0.0006931168891048429
COURSE,中山,ダ,1200.0,短縮200-399,1799,1799,1799,0.0,-0.0028629735417435853,0.005818752101870092,0.0,-0.0026839444510665506,0.0016364671752888426
COURSE,中山,ダ,1200.0,短縮400m+,1229,1229,1229,0.0,-0.0028016606050356163,-0.03612028735183599,0.0,-0.0025524394985832265,-0.00987216452677682
COURSE,中山,ダ,1800.0,同距離,5425,5425,5425,-0.0015416148668572494,0.010440321302450761,0.003095182272939506,-0.0006033010389684818,0.010214381075887354,0.0009084597203262481
COURSE,中山,ダ,1800.0,延長1-199,964,964,964,0.009787906903033952,0.014035842219591532,-0.006781101261488842,0.0034817499094187197,0.012482058948050033,-0.001809127753526359
COURSE,中山,ダ,1800.0,延長200-399,1758,1758,1758,-0.013840886661890359,-0.0004429432159406277,-0.003573476603139822,-0.005182593983302077,-0.00041464013504985273,-0.001003541831999969
COURSE,中山,ダ,1800.0,延長400m+,909,909,909,0.003933587031212743,-0.008090103196704224,-0.044442751243914475,0.001389943872253599,-0.007146650928866996,-0.01177797693315401
COURSE,中山,ダ,1800.0,短縮1-199,165,165,165,-0.014668273154805858,0.004407635699174461,-0.0025185588246725565,-0.00339686325690241,0.002551789088995741,-0.0004374339011273388
COURSE,中山,ダ,1800.0,短縮200-399,942,942,942,-0.031749917624985365,-0.044048123086636415,-0.014736277411817891,-0.011264942524571081,-0.03907093403729897,-0.003921348396026117
COURSE,中山,ダ,1800.0,短縮400m+,197,197,197,-0.054969765232947686,-0.08378472057809183,-0.029560552364128023,-0.013664408518474065,-0.052068107110044455,-0.0055111313713563604
COURSE,中山,ダ,2400.0,同距離,204,204,204,-0.01983690672530694,-0.019032496375816832,0.008796041781198471,-0.0049959616937810085,-0.01198342364403282,0.0016614745586708225
COURSE,中山,ダ,2400.0,延長200-399,150,150,150,-0.018660436137071648,-0.030753326199587816,0.013894080996884745,-0.004146763586015922,-0.01708518122199323,0.0023156801661474574
COURSE,中山,ダ,2400.0,延長400m+,311,311,311,0.01137171820376437,0.02410843862841494,-0.021561438831625444,0.0032822314258660968,0.017396112328160202,-0.0046674762018344635
COURSE,中山,ダ,2500.0,延長400m+,41,41,41,0.03861788617886179,0.04172095782868135,-0.01016260162601626,0.003933747412008282,0.010624591745192143,-0.0007763975155279501
COURSE,中山,芝,1200.0,同距離,1814,1814,1814,0.0,0.001970674303420461,0.007716333191585822,0.0,0.0018483987520189846,0.002171266040776114
COURSE,中山,芝,1200.0,延長200-399,143,143,143,0.0,0.00012331768962026146,-0.04093787918919768,0.0,6.705106317755662e-05,-0.006677699685234146
COURSE,中山,芝,1200.0,短縮200-399,428,428,428,0.0,0.0019193365376291016,-0.012835140806085464,0.0,0.001499043865155576,-0.003007357809309076
COURSE,中山,芝,1200.0,短縮400m+,189,189,189,0.0,0.003233281277994271,-0.00012683837815687105,0.0,0.001977638063239214,-2.327422667150352e-05
COURSE,中山,芝,1600.0,同距離,2047,2047,2047,0.0,-0.0020148261497354714,0.020295892140894486,0.0,-0.0019032529434741623,0.005751595460878312
COURSE,中山,芝,1600.0,延長1-199,95,95,95,0.0,0.0027797079442866135,0.05135032352957626,0.0,0.001228243045149899,0.006806903351594993
COURSE,中山,芝,1600.0,延長200-399,659,659,659,0.0,-0.0014270264070046501,-0.03702919887278777,0.0,-0.0012072020567600312,-0.009397525824326241
COURSE,中山,芝,1600.0,延長400m+,336,336,336,0.0,-0.00250891764274086,-0.06306070403934605,0.0,-0.0018486761578090545,-0.0139397345771186
COURSE,中山,芝,1600.0,短縮200-399,706,706,706,0.0,-0.0015641421323795424,-0.0013110750092637652,0.0,-0.0013369059872396574,-0.0003361812190824037
COURSE,中山,芝,1600.0,短縮400m+,233,233,233,0.0,-0.004261054671357067,-0.006295938047112246,0.0,-0.0028125375026237867,-0.001246702746439507
COURSE,中山,芝,1800.0,同距離,927,927,927,0.0400339180218658,-0.26292404344999976,0.018874212496576073,0.014178201339549036,-0.23278948259613158,0.005013293691783959
COURSE,中山,芝,1800.0,延長200-399,538,538,538,0.05050459731269884,-0.25450129096242013,-0.020592348300334455,0.01651761298129603,-0.20808768166836175,-0.005051071452392068
COURSE,中山,芝,1800.0,延長400m+,93,93,93,0.09031752452219638,-0.3192517811641035,-0.0567077898001146,0.01577376484613007,-0.13939162276179168,-0.007427921762550221
COURSE,中山,芝,1800.0,短縮200-399,632,632,632,0.01824729177413595,-0.2976239391733583,-0.010175191460656319,0.006134195958113788,-0.2501307573903756,-0.002565447208697391
COURSE,中山,芝,1800.0,短縮400m+,116,116,116,0.0561128526645768,-0.2626614399867212,0.016614420062695923,0.01103235747303544,-0.12910477558669348,0.0024499229583975343
COURSE,中山,芝,2000.0,同距離,1323,1323,1323,0.0038731361529826536,-0.08152907405790977,0.0012685293696437366,0.0014204183313641166,-0.07474910947928941,0.0003489115085319467
COURSE,中山,芝,2000.0,延長200-399,1181,1181,1181,0.008000593891181892,-0.07714738386824405,-0.005186023474167606,0.00290505807393876,-0.07003156060599249,-0.0014123044710972964
COURSE,中山,芝,2000.0,延長400m+,427,427,427,0.01630142258595292,-0.10911291082358854,-0.04138168189883451,0.00509009685133594,-0.08517589199574462,-0.009691030075394335
COURSE,中山,芝,2000.0,短縮200-399,157,157,157,-0.014710376516062315,-0.10769788249687673,-0.021527567129819458,-0.0033350600910061856,-0.061041760115558286,-0.0036604635805577487
COURSE,中山,芝,2000.0,短縮400m+,139,139,139,-0.0009175890899522504,-0.13384220110728617,0.00028428275333133857,-0.00019698051506310862,-0.07183037047842772,4.577062090315374e-05
COURSE,中山,芝,2200.0,同距離,228,228,228,0.008369578872670355,0.011395179545390488,0.022495153114060543,0.0021934068769756793,0.007465807288359285,0.004421461129315348
COURSE,中山,芝,2200.0,延長200-399,525,525,525,-0.0107782908015151,0.018335302860900793,-0.006001087487443213,-0.0035092109586328233,0.014924083723989017,-0.0014653818283291565
COURSE,中山,芝,2200.0,延長400m+,309,309,309,-0.0016798164603223226,-0.00885448432802971,-0.029838350548007243,-0.000483975092064893,-0.006377705495014407,-0.006447587635898069
COURSE,中山,芝,2200.0,短縮200-399,219,219,219,-0.019988988779336372,-0.03051055210783893,-0.009888889183464089,-0.005165296215545328,-0.01971035667143577,-0.0019165192311315356
COURSE,中山,芝,2200.0,短縮400m+,49,49,49,-0.03853339284233143,-0.05278227677168479,0.003250613192828891,-0.004468961536743764,-0.015303737052145293,0.0002827456445833414
COURSE,中山,芝,2500.0,同距離,88,88,88,-0.007270898115968538,0.024015161961086107,0.04652917505030181,-0.0012304596811639065,0.010160260829690276,0.005905626064076768
COURSE,中山,芝,2500.0,延長1-199,173,173,173,-0.00030820762726647966,-0.004241919531019045,0.014014724183249783,-7.279169899945527e-05,-0.0025046146036392315,0.002482471621538102
COURSE,中山,芝,2500.0,延長200-399,136,136,136,-0.0019233045330808302,0.0030337573733980605,-0.019647295537933485,-0.0004087022132796764,0.0016116836046177196,-0.003131287726358149
COURSE,中山,芝,2500.0,延長400m+,193,193,193,0.028174226707394626,-0.014237100705331018,0.014793423754965021,0.006949042497798291,-0.008778787335875038,0.0027365470779951266
COURSE,中山,芝,2500.0,短縮1-199,128,128,128,-0.020765216297786715,-0.00016671479536445322,-0.02378332494969819,-0.004287012396962418,-8.60463459945565e-05,-0.003682579347050042
COURSE,中山,芝,2500.0,短縮400m+,59,59,59,0.009293046414077688,0.023717316295366775,-0.010674214780206664,0.0012252284657666673,0.007817439449310836,-0.0010554949810595415
COURSE,中山,芝,3600.0,延長400m+,84,84,84,-0.010243632336655595,-0.0077851504346519995,0.0016611295681063093,-0.0016871865025079803,-0.0032056501789743527,0.00020519835841313229
COURSE,京都,ダ,1200.0,同距離,1680,1680,1680,0.0,0.0009228266292009568,0.0051424504528058,0.0,0.000861304853920893,0.001439886126785624
COURSE,京都,ダ,1200.0,延長1-199,107,107,107,0.0,-0.0004696049576566885,-0.0032465126090544666,0.0,-0.00022135564083376947,-0.00045908834691915586
COURSE,京都,ダ,1200.0,延長200-399,108,108,108,0.0,4.155218641854752e-05,-0.031630036319680976,0.0,1.9682614619311983e-05,-0.004494794634902033
COURSE,京都,ダ,1200.0,短縮200-399,604,604,604,0.0,0.0014282892059740426,0.0025249796234144417,0.0,0.0011915561884092841,0.000631942414036874
COURSE,京都,ダ,1200.0,短縮400m+,179,179,179,0.0,0.0017743766302920072,-0.012801151569008518,0.0,0.0010622522301748137,-0.00229906969650755
COURSE,京都,ダ,1400.0,同距離,1680,1680,1680,0.0,0.003711646934293933,0.02043658089241121,0.0,0.0034642038053410043,0.005722242649875139
COURSE,京都,ダ,1400.0,延長200-399,696,696,696,0.0,0.003783570255909252,-0.013656194148639694,0.0,0.003227162865334362,-0.003494379090975451
COURSE,京都,ダ,1400.0,短縮200-399,392,392,392,0.0,0.0015982692405591692,-0.0019273646858200821,0.0,0.001223674887303114,-0.0004426915762743001
COURSE,京都,ダ,1400.0,短縮400m+,383,383,383,0.0,0.0029363778299267285,-0.029089404436446184,0.0,0.0022358503158289005,-0.006644875884190192
COURSE,京都,ダ,1800.0,同距離,2829,2829,2829,-0.0006896748707993089,-0.0001789822524294049,0.014892026348372847,-0.00026464431461393627,-0.00017169914958385435,0.004285813076250944
COURSE,京都,ダ,1800.0,延長1-199,394,394,394,0.036400793142686835,0.04977354997256456,0.00597244255972984,0.011161021399391917,0.038153265932277115,0.0013734293979767844
COURSE,京都,ダ,1800.0,延長200-399,212,212,212,0.019065288880642975,0.01658486003763382,-0.004491114570813207,0.0048696882442124225,0.01059033231318786,-0.000860346044288313
COURSE,京都,ダ,1800.0,延長400m+,431,431,431,0.01521290521825186,0.021815666043294324,-0.038122861714358275,0.004759899926727079,0.017064522803375413,-0.00894607263097373
COURSE,京都,ダ,1800.0,短縮1-199,260,260,260,-0.009889718376251078,-0.06170541403275637,-0.02139967770579143,-0.0027066597661318742,-0.04221949381188594,-0.004392565423820346
COURSE,京都,ダ,1800.0,短縮200-399,334,334,334,-0.015394094239908382,-0.03471572899033065,-0.015365592030987196,-0.00453006826090696,-0.025539765380551627,-0.0033912606200548834
COURSE,京都,ダ,1800.0,短縮400m+,106,106,106,-0.046972446968413635,-0.10454822595394275,-0.0563779070236434,-0.00881252987372008,-0.0490358935890174,-0.00793282054580469
COURSE,京都,ダ,1900.0,同距離,204,204,204,0.016786096766416028,0.018458331842493014,0.006410256410256401,0.00422760955598626,0.011621912641569676,0.001210826210826209
COURSE,京都,ダ,1900.0,延長1-199,653,653,653,0.006344094544393983,0.004955061932142679,-0.00035339851572624426,0.002143696630007385,0.004185841451085601,-8.956115036322283e-05
COURSE,京都,ダ,1900.0,延長200-399,119,119,119,0.016085816654371213,0.054656323082501124,-0.0012928248222365962,0.003203702396435439,0.02721381776911144,-0.00019311232700354176
COURSE,京都,ダ,1900.0,延長400m+,42,42,42,-0.028732110516497142,0.011379746717689376,-0.07692307692307693,-0.002979626275784889,0.0029503047045861346,-0.0059829059829059825
COURSE,京都,ダ,1900.0,短縮1-199,130,130,130,-0.030197311981698602,-0.06819905970177637,0.0,-0.0062810408921933104,-0.035463511044923714,0.0
COURSE,京都,ダ,1900.0,短縮200-399,73,73,73,-0.035255267724585856,-0.0645620843366661,-0.008429926238145424,-0.00533395760392698,-0.024419855733557646,-0.0009565563969709057
COURSE,京都,ダ,1900.0,短縮400m+,42,42,42,-0.028732110516497142,-0.07700898095675257,0.08974358974358973,-0.002979626275784889,-0.019965291359158074,0.006980056980056978
COURSE,京都,芝,1200.0,同距離,772,772,772,0.0,-0.002852437195304258,0.007514963305095587,0.0,-0.0024687012497476312,0.0019511945083633831
COURSE,京都,芝,1200.0,短縮200-399,258,258,258,0.0,0.0003738115402811548,-0.018522310262000845,0.0,0.00025514121003316915,-0.0037926635298382682
COURSE,京都,芝,1200.0,短縮400m+,94,94,94,0.0,-0.00032108106128259095,-0.015718417799523522,0.0,-0.00014103560635777358,-0.002071305523114782
COURSE,京都,芝,1400.0,同距離,668,668,668,0.0,0.004621735512402303,0.008262307012632447,0.0,0.00391791792168114,0.0021012263011821602
COURSE,京都,芝,1400.0,延長200-399,433,433,433,0.0,0.0034938427580930576,-0.01184528381034055,0.0,0.002735685197566535,-0.0027824635930619123
COURSE,京都,芝,1400.0,短縮200-399,424,424,424,0.0,0.0007111579602203655,0.008248184314632215,0.0,0.0005542848807599907,0.0019286195676860621
COURSE,京都,芝,1400.0,短縮400m+,105,105,105,0.0,-0.0030834130340890997,-0.012439147221755924,0.0,-0.0014389260825749131,-0.0017414806110458293
COURSE,京都,芝,1600.0,同距離,918,918,918,0.0,0.005867968608125773,0.02960969745458486,0.0,0.005189590734354007,0.007855983313095057
COURSE,京都,芝,1600.0,延長200-399,391,391,391,0.0,0.004204018997734371,-0.021257026046409742,0.0,0.0032167738319259084,-0.004879548249009516
COURSE,京都,芝,1600.0,延長400m+,148,148,148,0.0,0.00019915453749508316,-0.06145195243059444,0.0,0.00010998086398982206,-0.010180845850441766
COURSE,京都,芝,1600.0,短縮200-399,371,371,371,0.0,-0.0002167142295113056,0.01667873890764407,0.0,-0.00016374944836801297,0.003780740611854959
COURSE,京都,芝,1600.0,短縮400m+,160,160,160,0.0,0.003517142621108471,-0.037465465944107955,0.0,0.002009795783490555,-0.00642265130470422
COURSE,京都,芝,1800.0,同距離,554,554,554,-0.038714733542319746,0.28734868594579466,0.026479974650023205,-0.012728761057830943,0.23618868251330896,0.006529631731207503
COURSE,京都,芝,1800.0,延長200-399,354,354,354,-0.038714733542319746,0.28540601230125906,0.00370773781060163,-0.011565414070870202,0.21315132564271247,0.0008307210031347956
COURSE,京都,芝,1800.0,延長400m+,128,128,128,-0.038714733542319746,0.27362269358522295,-0.046963166144200624,-0.007992719182930529,0.14122461604398603,-0.00727171604813429
COURSE,京都,芝,1800.0,短縮200-399,380,380,380,-0.038714733542319746,0.28569777179541134,0.008628939118957277,-0.011769278996865203,0.21713030656451263,0.001967398119122259
COURSE,京都,芝,1800.0,短縮400m+,86,86,86,-0.038714733542319746,0.29014810505388444,-0.008445724283735509,-0.006464984630367958,0.12112979143026244,-0.0010577654685455151
COURSE,京都,芝,2000.0,同距離,669,669,669,0.024020308125907344,-0.07442379974300861,0.02578137386967594,0.008146811729395192,-0.06310459065661947,0.0065580757105753625
COURSE,京都,芝,2000.0,延長200-399,492,492,492,0.025797624105345168,-0.07167987734440429,-0.005681676186833601,0.008295706575052172,-0.05762499943373678,-0.0013702866097657508
COURSE,京都,芝,2000.0,延長400m+,145,145,145,0.051575588781543655,-0.10527972024027565,-0.00988689065277136,0.01128824207294163,-0.05760588465977347,-0.0016229424279077514
COURSE,京都,芝,2000.0,短縮200-399,86,86,86,0.004101651331663944,-0.09747917448693744,0.04905456885003538,0.0006849359505302897,-0.040695189348915625,0.006143727555004431
COURSE,京都,芝,2000.0,短縮400m+,100,100,100,-0.005665790528801173,-0.1904217365798072,-0.008852407894150663,-0.0010301437325093044,-0.08655533480900328,-0.001207146531020545
COURSE,京都,芝,2200.0,同距離,96,96,96,-0.03768305270627701,0.006037262393742804,0.015367960131604408,-0.006699209370004802,0.002683227730552357,0.0020490613508805876
COURSE,京都,芝,2200.0,延長200-399,249,249,249,0.03310007982384347,0.034057932319533135,-0.006092883241889571,0.008934330489037424,0.02298218197171748,-0.0012334373392117912
COURSE,京都,芝,2200.0,延長400m+,141,141,141,-0.008427733557340833,-0.04703772706657211,-0.00746005405279275,-0.0018211654123908927,-0.025411185886538956,-0.0012090432430388249
COURSE,京都,芝,2200.0,短縮200-399,122,122,122,-0.005579227569664988,-0.04387997511088626,0.019978615869309324,-0.00112506737768451,-0.02212130976664514,0.003021559259573228
COURSE,京都,芝,2400.0,同距離,152,152,152,-0.012571779093817043,-0.017081879257790478,0.054194018730007856,-0.0028101623856767507,-0.009545756055824091,0.00908546784591308
COURSE,京都,芝,2400.0,延長200-399,141,141,141,0.03562717574007619,0.040370038864640856,0.022419102716569994,0.007698746021993476,0.021809101455610578,0.0036334407850992746
COURSE,京都,芝,2400.0,延長400m+,228,228,228,-0.0147647615499574,-0.0036624743378050884,-0.035718261971746545,-0.003869385785506077,-0.002399552152355058,-0.007020485973757079
COURSE,京都,芝,2400.0,短縮200-399,44,44,44,0.028696163489915008,-0.03836198574362104,0.0069452149022566495,0.003079588276966489,-0.010292240077556865,0.0005590051018889499
COURSE,京都,芝,3000.0,延長400m+,118,118,118,-0.0036319612590798994,0.004812791546234041,-0.0007748184019370497,-0.0007202881152460977,0.0023861739598975496,-0.0001152460984393763
COURSE,函館,ダ,1000.0,同距離,534,534,534,0.0,0.005277698988257695,0.021018514955620543,0.0,0.004309313852797567,0.005148572012064848
COURSE,函館,ダ,1000.0,短縮1-199,52,52,52,0.0,0.0070621634833965,-0.043516201264488935,0.0,0.0021350726810268486,-0.003946818254221089
COURSE,函館,ダ,1000.0,短縮200-399,453,453,453,0.0,0.006006490863153857,0.004114975505760676,0.0,0.004748587017467185,0.0009759601592196787
COURSE,函館,ダ,1000.0,短縮400m+,198,198,198,0.0,0.004674014314943964,-0.026422184170471846,0.0,0.0029102353281726567,-0.00493546459033342
COURSE,函館,ダ,1700.0,同距離,1202,1202,1202,0.00968439769518277,0.0035274088793494363,0.01098122892776486,0.0035221319302903755,0.0032072204788033453,0.002995333699963698
COURSE,函館,ダ,1700.0,延長1-199,262,262,262,-0.003976041013839082,-0.005656695855268956,0.0071072783873170065,-0.0010908091577233922,-0.0038797233352891795,0.0014623876472332896
COURSE,函館,ダ,1700.0,延長200-399,214,214,214,0.0067609212462736296,0.031063790284671988,0.0017209617717787312,0.0017327390978473735,0.019903147068622173,0.0003307956459526783
COURSE,函館,ダ,1700.0,延長400m+,161,161,161,0.0888123521396387,0.07237530709613083,-0.023355952374619363,0.02035414760780332,0.04146770264226713,-0.0040145640558509445
COURSE,函館,ダ,1700.0,短縮1-199,669,669,669,-0.00391898878823177,-0.0029875855320321554,0.010661632042653107,-0.0013291779464268969,-0.002533199899783919,0.002712027314271836
COURSE,函館,ダ,1700.0,短縮200-399,141,141,141,-0.008848543856132415,-0.03789987541045109,0.012060989610315223,-0.0019120991321297635,-0.020474645336680475,0.0019547121092579845
COURSE,函館,ダ,1700.0,短縮400m+,97,97,97,-0.021131939337597647,-0.12498594743839647,-0.0008804449147999382,-0.003778429706446031,-0.05586929447707124,-0.00011806888027962305
COURSE,函館,ダ,2400.0,延長400m+,85,85,85,0.015457210921751882,0.033308493244584514,0.014678394722374935,0.002563634982144215,0.0138108386623887,0.0018258490996124917
COURSE,函館,芝,1200.0,同距離,1982,1982,1982,0.0,0.010776119722359256,0.005257600406887372,0.0,0.010160927350007634,0.0014872355860776553
COURSE,函館,芝,1200.0,延長200-399,191,191,191,0.0,0.01358886457881181,-0.006082682030335601,0.0,0.008345572779913362,-0.0011206999367788743
COURSE,函館,芝,1200.0,短縮200-399,393,393,393,0.0,0.004483364828453462,0.025237675535975362,0.0,0.0034346245177041142,0.005800237710899601
COURSE,函館,芝,1200.0,短縮400m+,278,278,278,0.0,0.0025710549791344572,0.010226783486256358,0.0,0.0017958625231140179,0.0021429993536527144
COURSE,函館,芝,1800.0,同距離,591,591,591,0.05096377745598821,-0.24050537034793662,0.009773297476780768,0.016944918411526882,-0.19991374666052114,0.0024371387378807736
COURSE,函館,芝,1800.0,延長1-199,40,40,40,0.03628526645768025,-0.3419575916320107,-0.05321316614420062,0.0036285266457680254,-0.08548939790800268,-0.003990987460815046
COURSE,函館,芝,1800.0,延長200-399,194,194,194,0.09015124583912354,-0.2586214968848335,0.040343534886727206,0.022279416169159193,-0.15978525603712643,0.007477687039514405
COURSE,函館,芝,1800.0,延長400m+,122,122,122,0.026859036949483536,-0.2460005284310951,-0.053623002209774395,0.005416202492292548,-0.12401679532476695,-0.00810992512759398
COURSE,函館,芝,1800.0,短縮200-399,316,316,316,0.0024245069640093653,-0.3180788271124234,-0.014922026903694291,0.0007028845877311554,-0.2305341957970775,-0.0032445141065830705
COURSE,函館,芝,1800.0,短縮400m+,57,57,57,-0.02117087389319694,-0.4236609747498675,-0.07821316614420062,-0.0027270956201406226,-0.1364331952584319,-0.007556187237660059
COURSE,函館,芝,2000.0,同距離,459,459,459,0.02148017897010951,-0.09476884919244277,0.01918680779212384,0.006811331362542497,-0.075127636924579,0.00456308019512168
COURSE,函館,芝,2000.0,延長200-399,373,373,373,0.02012509418969749,-0.07679909207183311,-0.01719020950272976,0.006090596456598105,-0.05810560110100152,-0.0039017940027494115
COURSE,函館,芝,2000.0,延長400m+,53,53,53,-0.00906201694389551,-0.09518785156914633,0.015487214747358771,-0.0011104899376334382,-0.029161596145461016,0.0014233914131965575
COURSE,函館,芝,2000.0,短縮200-399,56,56,56,-0.012094361957372603,-0.06804380009052624,-0.0252809793227221,-0.0015392824309383314,-0.021650300028803804,-0.0024131843898962005
COURSE,函館,芝,2000.0,短縮400m+,109,109,109,-0.02896854282237915,-0.1571622354450362,-0.014632224407912134,-0.005515408153081795,-0.07480647887995173,-0.002089404970038108
COURSE,函館,芝,2600.0,同距離,130,130,130,0.02131371878207322,-0.031124781813681446,-0.018858391010289743,0.00443325350667123,-0.01618488654311435,-0.0029419089976052
COURSE,函館,芝,2600.0,延長200-399,83,83,83,-0.006397124591420764,-0.013912059153785461,-0.03220408146441393,-0.0010462292435230018,-0.005688181821498489,-0.003950155805240921
COURSE,函館,芝,2600.0,延長400m+,221,221,221,-0.006288091172677909,0.021265297940651684,0.019150658763465903,-0.0016301092658789656,0.013781908636023524,0.003723427202398209
COURSE,小倉,ダ,1000.0,同距離,702,702,702,0.0,-0.007592809985679905,0.010614852866565189,0.0,-0.006484370571712035,0.002719571792820716
COURSE,小倉,ダ,1000.0,短縮1-199,124,124,124,0.0,-0.0088163800161154,-0.0013325784357048204,0.0,-0.004480455418025859,-0.00020316359757466935
COURSE,小倉,ダ,1000.0,短縮200-399,1043,1043,1043,0.0,-0.006282212259109965,-0.01773996407885578,0.0,-0.005634004631342815,-0.004772858779255352
COURSE,小倉,ダ,1000.0,短縮400m+,366,366,366,0.0,-0.006838420601614104,-1.0526611273306563e-05,0.0,-0.005149921687635312,-2.378234398784075e-06
COURSE,小倉,ダ,1700.0,同距離,1627,1627,1627,-0.005683862743524684,0.002891106613579497,0.0037831253777503987,-0.0021173771456702143,0.002692518866796704,0.0010569796776645503
COURSE,小倉,ダ,1700.0,延長1-199,275,275,275,0.01095803254618867,-0.008248271909717997,-0.025772666095680907,0.00305160400020444,-0.005742467785246707,-0.005382898614920696
COURSE,小倉,ダ,1700.0,延長200-399,764,764,764,0.011091302417678445,0.04100933447723143,0.0015619364745237535,0.0038342783018580693,0.03544245649389685,0.0004049726696389642
COURSE,小倉,ダ,1700.0,延長400m+,416,416,416,0.0018408996790558046,0.017149924251152915,-0.034583854906869715,0.0005715031839456827,0.013310388971044054,-0.00805236024697265
COURSE,小倉,ダ,1700.0,短縮1-199,1972,1972,1972,-0.0032057144573149204,-0.003542263804069523,-0.0015443791696252152,-0.0012087321051290675,-0.003339074675729015,-0.00043673743630510384
COURSE,小倉,ダ,1700.0,短縮200-399,369,369,369,-0.023897843285296913,-0.06420386910330494,-0.010714770062175118,-0.0072133367462368595,-0.04844831840310741,-0.0024256135907623423
COURSE,小倉,ダ,1700.0,短縮400m+,106,106,106,-0.06324436882602402,-0.12690580458097284,-0.02587558204765346,-0.011865315213377959,-0.059522191529128854,-0.0036409004828114157
COURSE,小倉,ダ,2400.0,延長400m+,79,79,79,0.009947158799637215,-0.003200826425568959,-0.02880634094404353,0.0015795488345152564,-0.0012706798372861697,-0.0034307049265016663
COURSE,小倉,芝,1200.0,同距離,3936,3936,3936,0.0,-0.005640462783045974,-0.0038692567547215784,0.0,-0.005473585185914436,-0.0011264345108420216
COURSE,小倉,芝,1200.0,延長200-399,206,206,206,0.0,-0.004524163000870551,-0.03978369356899264,0.0,-0.0028588269269304713,-0.007541816756330506
COURSE,小倉,芝,1200.0,短縮200-399,870,870,870,0.0,-0.00456419780288897,0.008101587091647919,0.0,-0.004010961705569095,0.0021358729605253602
COURSE,小倉,芝,1200.0,短縮400m+,641,641,641,0.0,-0.007295341706583525,-0.009627535866373854,0.0,-0.006144959308699132,-0.0024328188529614877
COURSE,小倉,芝,1800.0,同距離,1120,1120,1120,0.05057098074339454,-0.2615734569175189,0.006608262427227951,0.01827080594600061,-0.2362598965706622,0.0017906259480230577
COURSE,小倉,芝,1800.0,延長1-199,53,53,53,0.0367569645708878,-0.31290316990070216,-0.04047731708759685,0.004504321669958505,-0.09586050869790298,-0.0037201696051606353
COURSE,小倉,芝,1800.0,延長200-399,560,560,560,0.03449955217196597,-0.2651581163057497,0.02357254814151366,0.011364558362529968,-0.2183655075459115,0.005823806011432786
COURSE,小倉,芝,1800.0,延長400m+,356,356,356,0.05679088443520834,-0.23721839590264637,-0.055741256031841074,0.01698954189826401,-0.1774154389523994,-0.012506651563446694
COURSE,小倉,芝,1800.0,短縮200-399,681,681,681,0.011211845018620048,-0.30041173813406463,-0.00038644074038271525,0.0038128671449089904,-0.2554062342937553,-9.856409895154647e-05
COURSE,小倉,芝,1800.0,短縮400m+,110,110,110,-0.002351097178683384,-0.33361215550248363,-0.03275862068965517,-0.00044977511244377784,-0.15955363958814436,-0.004700149925037481
COURSE,小倉,芝,2000.0,同距離,1241,1241,1241,0.006050567247185931,-0.08656292935697318,0.023484417246864647,0.0022068343728898574,-0.07893063580602772,0.006424135592217273
COURSE,小倉,芝,2000.0,延長200-399,832,832,832,0.014863055625044988,-0.09678609513870062,-0.024765869432612206,0.0051958244874106855,-0.08458616718004087,-0.006493236355441184
COURSE,小倉,芝,2000.0,延長400m+,280,280,280,0.041477066614055966,-0.06792419251556148,-0.04313812217986496,0.011613578651935672,-0.04754693476089303,-0.009059005657771641
COURSE,小倉,芝,2000.0,短縮200-399,178,178,178,0.007367917336367366,-0.07236799346054867,0.01103523255528753,0.0017603883031857602,-0.043226519583817666,0.001977454424336759
COURSE,小倉,芝,2000.0,短縮400m+,154,154,154,-0.03319825806126871,-0.11495028916422312,-0.03989136893311171,-0.007463549987496907,-0.06460709682952687,-0.006726208922298397
COURSE,小倉,芝,2600.0,同距離,239,239,239,0.009179827568684087,0.010695135475337736,0.003285155819449548,0.002444544611605011,0.00712015982898529,0.0006561160787034334
COURSE,小倉,芝,2600.0,延長200-399,96,96,96,-0.02660294788459345,-0.043711929352752144,0.03418648078458204,-0.004729412957261057,-0.01942752415677873,0.004558197437944272
COURSE,小倉,芝,2600.0,延長400m+,380,380,380,0.005524245097862687,0.010033420083386702,-0.006712642022435503,0.001679370509750257,0.007625399263373894,-0.0015304823811152946
COURSE,新潟,ダ,1200.0,同距離,2647,2647,2647,0.0,0.0038488994617380534,0.01557924322809498,0.0,0.0036819793549767357,0.004471079525634342
COURSE,新潟,ダ,1200.0,延長1-199,458,458,458,0.0,0.0024572650339607094,-0.0184487327453643,0.0,0.0019471062033806314,-0.004385563804866877
COURSE,新潟,ダ,1200.0,延長200-399,280,280,280,0.0,0.004088374705463416,0.0027614980718534132,0.0,0.0028618622938243908,0.0005799145950892168
COURSE,新潟,ダ,1200.0,短縮1-199,154,154,154,0.0,0.0035849117182340517,0.015748511058866405,0.0,0.0020148773890804523,0.0026554058792687147
COURSE,新潟,ダ,1200.0,短縮200-399,892,892,892,0.0,0.0025843474671312094,-0.003644651832054341,0.0,0.002277903103439762,-0.0009637439034167407
COURSE,新潟,ダ,1200.0,短縮400m+,495,495,495,0.0,0.002818888019310073,-0.03230343699308165,0.0,0.002268861088712986,-0.0078000982007684965
COURSE,新潟,ダ,1800.0,同距離,2842,2842,2842,-0.007012546287256338,0.0063319156146258715,0.004979361973740853,-0.002691378331989536,0.0060753896612986925,0.0014332896754934
COURSE,新潟,ダ,1800.0,延長1-199,1149,1149,1149,0.016109478249577397,0.043654365532184936,0.01439733642020441,0.005834449332943871,0.03952629314143458,0.003910765850310843
COURSE,新潟,ダ,1800.0,延長200-399,601,601,601,-0.020365847903961308,-0.04539770056358122,-0.008690091119332971,-0.006790499079212618,-0.0378419112880892,-0.0021731254213810465
COURSE,新潟,ダ,1800.0,延長400m+,513,513,513,0.04168473056661891,0.02540513486254281,-0.03625947677611682,0.013512964790316273,0.020588995552108157,-0.008815692694856839
COURSE,新潟,ダ,1800.0,短縮1-199,159,159,159,0.006486672528441706,-0.01751960991589263,0.012804482913463519,0.001478682339816819,-0.009984293823035586,0.0021891535303663434
COURSE,新潟,ダ,1800.0,短縮200-399,496,496,496,-0.0168065918253826,-0.050915361705017925,-0.010729702519687218,-0.005413032172331019,-0.040996784749494954,-0.002591850219041328
COURSE,新潟,ダ,1800.0,短縮400m+,147,147,147,-0.04126072831868959,-0.13836265077241072,-0.04803494719820378,-0.009086632303891192,-0.07617718975110253,-0.007933862065321299
COURSE,新潟,ダ,2500.0,延長400m+,65,65,65,0.02435897435897437,0.010955233038566381,-0.03717948717948717,0.0034234234234234253,0.0038491359324692694,-0.003918918918918918
COURSE,新潟,芝,1000.0,同距離,694,694,694,0.0,-0.0010518443063471938,0.001388633327994132,0.0,-0.0008967812636424479,0.00035517623942061215
COURSE,新潟,芝,1000.0,短縮1-199,58,58,58,0.0,-8.942365067765579e-05,0.024194953510842193,0.0,-2.9138043479236156e-05,0.002365124669037383
COURSE,新潟,芝,1000.0,短縮200-399,1092,1092,1092,0.0,0.00045783549832467685,0.006669375640436737,0.0,0.00041250525096579797,0.001802712425583395
COURSE,新潟,芝,1000.0,短縮400m+,333,333,333,0.0,0.0007063368053261687,-0.02897891000784892,0.0,0.0005192277178225479,-0.006390713266631582
COURSE,新潟,芝,1200.0,同距離,964,964,964,0.0,-0.004612998062356155,0.008890922714293023,0.0,-0.004102334070213407,0.0023720063182412748
COURSE,新潟,芝,1200.0,延長200-399,101,101,101,0.0,-0.00833885498964726,-0.029305946765186046,0.0,-0.0038109699273953536,-0.004017964646991571
COURSE,新潟,芝,1200.0,短縮200-399,210,210,210,0.0,-0.005142875366136002,-0.026052764304082793,0.0,-0.0032727388693592737,-0.00497370954896126
COURSE,新潟,芝,1200.0,短縮400m+,147,147,147,0.0,-0.006499271293360476,-0.014488138453742659,0.0,-0.0035782504873557676,-0.0023929846659552483
COURSE,新潟,芝,1400.0,同距離,612,612,612,0.0,-0.00688235122996228,0.012117342040615695,0.0,-0.005754096929968464,0.0030392677577281988
COURSE,新潟,芝,1400.0,延長200-399,544,544,544,0.0,-0.003584236226613635,-0.030979063188142475,0.0,-0.00293648269168346,-0.007614131193230198
COURSE,新潟,芝,1400.0,短縮200-399,353,353,353,0.0,-0.007682253452911736,0.012570970139636234,0.0,-0.005733267376063092,0.002814515301876273
COURSE,新潟,芝,1400.0,短縮400m+,180,180,180,0.0,-0.008273895015537214,-0.019582004364613062,0.0,-0.004964337009322328,-0.003524760785630351
COURSE,新潟,芝,1600.0,同距離,727,727,727,0.0,-0.005125569592603574,0.014443062253966327,0.0,-0.0043993968049855945,0.0037190459003424506
COURSE,新潟,芝,1600.0,延長200-399,301,301,301,0.0,-0.00728119310982045,-0.015164801492280708,0.0,-0.005205793648588968,-0.0032526878260165032
COURSE,新潟,芝,1600.0,延長400m+,199,199,199,0.0,0.0021952810486600693,-0.054864963431545136,0.0,0.0013694699958725824,-0.010267831714304843
COURSE,新潟,芝,1600.0,短縮200-399,401,401,401,0.0,-0.004991844880712026,0.0073287983950441615,0.0,-0.0038420917412006193,0.0016922350228863966
COURSE,新潟,芝,1600.0,短縮400m+,141,141,141,0.0,-0.006793267946948456,-0.025320075873185965,0.0,-0.0036699263621445682,-0.0041035985035853114
COURSE,新潟,芝,1800.0,同距離,974,974,974,-0.038714733542319746,0.26960103448808115,-0.001211112756110272,-0.013787257941579319,0.2400287089500832,-0.0003234800249866741
COURSE,新潟,芝,1800.0,延長1-199,46,46,46,-0.038714733542319746,0.26132736634124687,-0.056474035709418016,-0.0042912716697511046,0.07241601717889974,-0.004694829474638365
COURSE,新潟,芝,1800.0,延長200-399,377,377,377,-0.038714733542319746,0.2693651191452756,0.006667470460573907,-0.011746844704591183,0.204327263416034,0.001517285531370038
COURSE,新潟,芝,1800.0,延長400m+,163,163,163,-0.038714733542319746,0.2665311193993293,-0.04753831951843375,-0.008919436844378965,0.15351439032540873,-0.008214218460959048
COURSE,新潟,芝,1800.0,短縮200-399,544,544,544,-0.038714733542319746,0.2674934603677003,-0.0010072837912594446,-0.0126872379801337,0.21915126873498336,-0.0002475733655625623
COURSE,新潟,芝,1800.0,短縮400m+,125,125,125,-0.038714733542319746,0.2700825572713731,-0.014213166144200623,-0.007900966029044847,0.13779722309763934,-0.0021754846139082585
COURSE,新潟,芝,2000.0,同距離,831,831,831,-0.04039503240605749,0.20932179343551616,0.00899356081824404,-0.014119146973473724,0.18290894883797468,0.0023576179936784848
COURSE,新潟,芝,2000.0,延長200-399,675,675,675,-0.028628753491764136,0.16221528468384794,-0.010704259746002517,-0.009722972883995368,0.13772995869383317,-0.0027265567277553584
COURSE,新潟,芝,2000.0,延長400m+,194,194,194,0.027117714625838008,0.1417047684006244,-0.027306016141573353,0.006701702722818565,0.08755007983987623,-0.005061178788024105
COURSE,新潟,芝,2000.0,短縮200-399,139,139,139,-0.05127730132016808,0.2862509510267037,0.007478527357647896,-0.011007791325873921,0.1536250277710881,0.0012040717792043138
COURSE,新潟,芝,2000.0,短縮400m+,156,156,156,-0.04643502129803194,0.27827109518202886,-0.021160100201842974,-0.010498352641294178,0.1572836624941902,-0.0035880169907472866
COURSE,新潟,芝,2200.0,同距離,100,100,100,-0.009349719372943668,-0.04734839660956336,0.03161796013160441,-0.0016999489768988489,-0.021521998458892435,0.004311540017946055
COURSE,新潟,芝,2200.0,延長200-399,277,277,277,-0.025198094824207214,0.021111496924735684,0.0010403428030845568,-0.00703261689300292,0.01473018803060903,0.00021776445072122587
COURSE,新潟,芝,2200.0,延長400m+,171,171,171,0.0025216256562960865,0.01806492950074412,-0.05499022700289852,0.0005927120099335132,0.010615474036519742,-0.009694153420098604
COURSE,新潟,芝,2200.0,短縮200-399,140,140,140,0.013507423484199185,-0.00327662827518993,0.021617960131604413,0.002909291211981363,-0.0017643383020253469,0.003492132021259174
COURSE,新潟,芝,2200.0,短縮400m+,92,92,92,-0.00326276285120454,-0.04533317053839092,0.01944404708812615,-0.0005663663817185239,-0.019672885327980966,0.0025313948095862346
COURSE,新潟,芝,2400.0,同距離,65,65,65,0.06890595369970523,0.024712363064479215,0.023728431685473436,0.009684079979418033,0.008682722157789995,0.0025011049614417943
COURSE,新潟,芝,2400.0,延長200-399,77,77,77,-0.03299214819839667,0.003458816003651277,-0.006041798084756342,-0.0051581632716275,0.001351923006503291,-0.0007084544962328501
COURSE,新潟,芝,2400.0,延長400m+,178,178,178,-0.02876042486554975,0.010514908123659183,-0.033402078254025275,-0.006871618290023968,0.0062807169329239425,-0.005985473083103859
COURSE,新潟,芝,2400.0,短縮200-399,86,86,86,-0.026800665262727695,-0.04470534719362351,-0.002568527169624954,-0.004475450898241906,-0.018663397372095252,-0.0003216893251277855
COURSE,札幌,ダ,1000.0,同距離,679,679,679,0.0,0.0069291932381283505,0.009333011378538134,0.0,0.005888513402614705,0.002379392262588508
COURSE,札幌,ダ,1000.0,短縮200-399,317,317,317,0.0,0.008975249958785625,0.015814058381228124,0.0,0.006510650427768977,0.0034414575561894614
COURSE,札幌,ダ,1000.0,短縮400m+,166,166,166,0.0,0.004853654121272477,-0.02776087225614788,0.0,0.0028171558885707383,-0.004833886148098477
COURSE,札幌,ダ,1700.0,同距離,2095,2095,2095,-0.0010792857441129095,0.005171172968828519,0.0038042486363650957,-0.00040832571267115946,0.004891019128530812,0.0010794448162327144
COURSE,札幌,ダ,1700.0,延長1-199,221,221,221,0.004244745832901964,-0.01489371477071011,0.031027004821637075,0.0011003974534561103,-0.00965252482207312,0.006032523224852017
COURSE,札幌,ダ,1700.0,延長200-399,249,249,249,0.03977146810661218,0.021041400731542703,0.0032598275151259626,0.010735062936093696,0.014198668786325565,0.0006599163018425729
COURSE,札幌,ダ,1700.0,延長400m+,318,318,318,0.037384561991586046,0.041802810354057085,-0.022730927959603145,0.010856886496186633,0.030349985599520898,-0.004950982939146438
COURSE,札幌,ダ,1700.0,短縮1-199,529,529,529,0.012387831480713499,0.0013844239731926056,0.00256897336127046,0.00403892933947454,0.0011284441938657756,0.0006281911747821603
COURSE,札幌,ダ,1700.0,短縮200-399,161,161,161,-0.047833610593280555,-0.06301559599663564,0.007699948246498653,-0.01096257837084437,-0.03610502119380192,0.0013235142359640034
COURSE,札幌,ダ,1700.0,短縮400m+,138,138,138,-0.06543195427858076,-0.16766864366210565,-0.0005816252524661475,-0.013999394868905649,-0.08968322800531232,-9.333056376782366e-05
COURSE,札幌,ダ,2400.0,延長400m+,80,80,80,0.02133956386292836,0.018119284985523287,0.008060747663551401,0.0034143302180685378,0.007247713994209315,0.0009672897196261682
COURSE,札幌,芝,1200.0,同距離,1500,1500,1500,0.0,0.003855180219734633,0.006423426172107685,0.0,0.0035696113145691046,0.0017842850478076901
COURSE,札幌,芝,1200.0,延長200-399,147,147,147,0.0,0.004494602890789956,-0.0008826962768719027,0.0,0.0024745566477382902,-0.0001457936547192918
COURSE,札幌,芝,1200.0,短縮200-399,208,208,208,0.0,0.0070580569014575545,0.012820862069543582,0.0,0.004475840961899913,0.0024390908327424376
COURSE,札幌,芝,1200.0,短縮400m+,145,145,145,0.0,0.00280428367056218,-0.020634045092260134,0.0,0.0015344193669113815,-0.0033870979679747767
COURSE,札幌,芝,1500.0,同距離,263,263,263,0.0,0.0014575655023014722,0.027416118270796777,0.0,0.0010008870159406975,0.005647863528892599
COURSE,札幌,芝,1500.0,延長1-199,159,159,159,0.0,-0.003328603429430199,0.049225430273092494,0.0,-0.0018969460404279631,0.008415960659593233
COURSE,札幌,芝,1500.0,延長200-399,295,295,295,0.0,0.0035255395967626058,-0.0421720753233258,0.0,0.002506106460349322,-0.008993322087022488
COURSE,札幌,芝,1500.0,短縮1-199,157,157,157,0.0,-0.001072945152860827,-4.74936543200799e-05,0.0,-0.0006081313682279777,-8.075635806771708e-06
COURSE,札幌,芝,1500.0,短縮200-399,242,242,242,0.0,-0.0010285133369654087,0.0080590494840702,0.0,-0.000687569689352566,0.0016162624103411502
COURSE,札幌,芝,1500.0,短縮400m+,77,77,77,0.0,-0.0063543252005575646,-0.05687601545099474,0.0,-0.002483670256055495,-0.0066692180554212095
COURSE,札幌,芝,1800.0,同距離,571,571,571,0.059358821624055036,-0.2464144109607651,0.04437877781376785,0.019620195164883027,-0.20362174914413442,0.011001569666423202
COURSE,札幌,芝,1800.0,延長1-199,49,49,49,0.02250975625359862,-0.3229003209548421,-0.05780500287889451,0.0026105989501214967,-0.09362198654903706,-0.005028009126152362
COURSE,札幌,芝,1800.0,延長200-399,140,140,140,0.06128526645768026,-0.2604792188143522,0.00035826242722794555,0.013199903544731132,-0.1402580409000358,5.787316132143735e-05
COURSE,札幌,芝,1800.0,延長400m+,61,61,61,0.076039364818336,-0.2572341035990965,-0.04542628089829898,0.010250610505897229,-0.08669215646157397,-0.004592822875352881
COURSE,札幌,芝,1800.0,短縮200-399,221,221,221,0.03368345650292913,-0.33992033370391567,-0.03296429736592008,0.008732016289908901,-0.22030027492247906,-0.006409187435074785
COURSE,札幌,芝,1800.0,短縮400m+,53,53,53,0.0367569645708878,-0.2775473831298211,0.05386230555391258,0.004504321669958505,-0.08502896708601455,0.004950350626053237
COURSE,札幌,芝,2000.0,同距離,759,759,759,0.02260825426698275,-0.0841332920993435,0.01732677524155421,0.007808721269005646,-0.07264751843390412,0.0044884035523343494
COURSE,札幌,芝,2000.0,延長200-399,535,535,535,0.012838882368395088,-0.0805317954248167,-0.017170164903496467,0.00419468828524664,-0.06577787870576632,-0.004207345751162111
COURSE,札幌,芝,2000.0,延長400m+,147,147,147,0.009164141443987944,-0.04156655237603357,-0.044838802451973796,0.0020181704753052102,-0.02288495580253534,-0.007405959506112526
COURSE,札幌,芝,2000.0,短縮200-399,55,55,55,-0.02930215416516481,-0.16178116391717579,-0.006125135166877946,-0.0036836993807635764,-0.05084550865968382,-0.0005775127443056348
COURSE,札幌,芝,2000.0,短縮400m+,186,186,186,-0.049536758270736655,-0.1892490962238177,-0.019712622947914107,-0.012044231422688912,-0.11503376437134015,-0.0035946547728549247
COURSE,札幌,芝,2600.0,同距離,272,272,272,-0.0014803988649856048,-0.0010064764450933295,0.00783844156889578,-0.0004108862155878413,-0.0006983714108810857,0.001631675591892591
COURSE,札幌,芝,2600.0,延長200-399,66,66,66,-0.002928705460351025,-0.050384160740892636,0.02566375351185478,-0.00041568722663046806,-0.017878250585478032,0.002731947954487767
COURSE,札幌,芝,2600.0,延長400m+,288,288,288,0.015063718782073215,0.019295751623678803,-0.014424630326529062,0.0042532853031736146,0.013620530557890921,-0.0030546275985590954
COURSE,東京,ダ,1300.0,同距離,212,212,212,0.0,-0.00044100523131063163,0.018101960480133406,0.0,-0.00028160575011401776,0.0034677249594472423
COURSE,東京,ダ,1300.0,延長1-199,1028,1028,1028,0.0,-0.0003163566029726894,-0.0016286026209604842,0.0,-0.00028328796851561386,-0.000437509623958374
COURSE,東京,ダ,1300.0,短縮1-199,426,426,426,0.0,0.0008918400442001762,-0.0010760003667086432,0.0,0.0006958312432770606,-0.0002518550308889461
COURSE,東京,ダ,1300.0,短縮200-399,117,117,117,0.0,-0.00013462686796561485,0.01866638557286039,0.0,-6.646136519821493e-05,0.0027645153316767923
COURSE,東京,ダ,1300.0,短縮400m+,135,135,135,0.0,-5.167088757374039e-05,-0.01495184804537323,0.0,-2.7355175774333146e-05,-0.0023747052777945716
COURSE,東京,ダ,1400.0,同距離,2998,2998,2998,0.0,-0.002333000767797966,0.02180614472861947,0.0,-0.002243212412398429,0.006290072664823717
COURSE,東京,ダ,1400.0,延長1-199,360,360,360,0.0,-0.0026241320354136732,-0.0015872286313983186,0.0,-0.001968099026560255,-0.00035712644206462165
COURSE,東京,ダ,1400.0,延長200-399,2355,2355,2355,0.0,-0.002349873090772503,-0.027064935637767747,0.0,-0.0022359398500077757,-0.0077258089002355205
COURSE,東京,ダ,1400.0,延長400m+,47,47,47,0.0,-0.002999679458832727,-0.025700703808703283,0.0,-0.0008442211650607075,-0.0021699396628905164
COURSE,東京,ダ,1400.0,短縮200-399,1098,1098,1098,0.0,-0.0026080135151966832,-0.009055352492964804,0.0,-0.00235106637084233,-0.0024489598613978703
COURSE,東京,ダ,1400.0,短縮400m+,702,702,702,0.0,-0.0020662485608635706,-0.007000334044503731,0.0,-0.0017646064351900565,-0.0017935162405991309
COURSE,東京,ダ,1600.0,同距離,2987,2987,2987,0.0,-0.00046140784771653287,0.013900972383402543,0.0,-0.0004435871390824859,0.004009224767546514
COURSE,東京,ダ,1600.0,延長200-399,1330,1330,1330,0.0,5.615703545758244e-05,-0.021339958870074296,0.0,5.1509556661092856e-05,-0.005872167992523892
COURSE,東京,ダ,1600.0,延長400m+,506,506,506,0.0,0.001444587775503825,-0.04574484460219115,0.0,0.0011676699910621972,-0.01109275944187319
COURSE,東京,ダ,1600.0,短縮1-199,586,586,586,0.0,-0.00034930206017813603,-0.019972205014445465,0.0,-0.0002899306051903509,-0.004973248784050301
COURSE,東京,ダ,1600.0,短縮200-399,2906,2906,2906,0.0,0.00038923668584311955,0.00762163989628413,0.0,0.00037380099440188547,0.0021958181300662603
COURSE,東京,ダ,1600.0,短縮400m+,450,450,450,0.0,-0.0009425719344491323,-0.002793592955287333,0.0,-0.0007441357377229993,-0.0006616404367785788
COURSE,東京,ダ,2100.0,同距離,869,869,869,0.005311445636942927,-0.007321744905408933,0.02341419882107043,0.0018667932289194757,-0.006433363319312804,0.006171973339386311
COURSE,東京,ダ,2100.0,延長1-199,182,182,182,0.008586651443794308,0.008005392981131454,0.002782931354359919,0.002069894785126575,0.004824442127701737,0.0005031392448610979
COURSE,東京,ダ,2100.0,延長200-399,1451,1451,1451,-0.0028643372642584985,0.014131520808094766,-0.005930271362977871,-0.0010582185538991933,0.013052092102193193,-0.0016431872210720987
COURSE,東京,ダ,2100.0,延長400m+,342,342,342,-0.00108496349097853,-0.0027599189192295537,-0.018938037735030222,-0.00032126191680922705,-0.0020430568622868124,-0.004205720068428789
COURSE,東京,ダ,2100.0,短縮1-199,53,53,53,-0.04946850095098074,-0.07873434860517858,-0.030909791017607734,-0.006062035954686657,-0.02412092760736685,-0.0028408420646240636
COURSE,東京,ダ,2100.0,短縮200-399,274,274,274,-0.006292629858844663,-0.03458526691822328,-0.002952209417277196,-0.001750437138399429,-0.024051683085261875,-0.0006159178022847347
COURSE,東京,ダ,2100.0,短縮400m+,63,63,63,0.042774685631828485,-0.015968984289948973,-0.052772624201195634,0.005890284578809169,-0.005497519181785712,-0.005450287417500532
COURSE,東京,芝,1400.0,同距離,1526,1526,1526,0.0,0.00040361400586386154,0.0005359510744432916,0.0,0.00037418892645701865,0.00014906342763070405
COURSE,東京,芝,1400.0,延長200-399,968,968,968,0.0,-0.0003840824871428339,-0.017929111802629592,0.0,-0.0003417204481197272,-0.004785490870848927
COURSE,東京,芝,1400.0,延長400m+,54,54,54,0.0,0.0029049426379739174,-0.05106348584609455,0.0,0.0009015339221298365,-0.0047541866132570785
COURSE,東京,芝,1400.0,短縮1-199,42,42,42,0.0,0.0010930450394281976,-0.04577248055508926,0.0,0.00028338204725916234,-0.0035600818209513864
COURSE,東京,芝,1400.0,短縮200-399,985,985,985,0.0,0.00018161518956238965,0.027879924569397085,0.0,0.00016189227304882697,0.00745567213597904
COURSE,東京,芝,1400.0,短縮400m+,267,267,267,0.0,-0.0059101663749578925,-0.03212882084401381,0.0,-0.004077556646288779,-0.006649918732830765
COURSE,東京,芝,1600.0,同距離,2354,2354,2354,0.0,0.0017227966039865539,0.015094007292935377,0.0,0.0016392333087244736,0.004308564248290608
COURSE,東京,芝,1600.0,延長1-199,46,46,46,0.0,0.005993100588794764,0.03373018622980509,0.0,0.0016607387173768625,0.0028040757227187365
COURSE,東京,芝,1600.0,延長200-399,587,587,587,0.0,-0.0014545956422220563,-0.03067245061191034,0.0,-0.0012077052927642815,-0.007639913087351359
COURSE,東京,芝,1600.0,延長400m+,254,254,254,0.0,-0.00513953318163507,-0.05921743444804496,0.0,-0.003490485101966064,-0.0120651564303236
COURSE,東京,芝,1600.0,短縮200-399,765,765,765,0.0,-0.0012618474086567577,-0.004377230649990307,0.0,-0.0010907494549405872,-0.0011351123549974865
COURSE,東京,芝,1600.0,短縮400m+,375,375,375,0.0,-0.0038620032398390958,-0.018965465944107952,0.0,-0.002925760030181133,-0.004310333169115443
COURSE,東京,芝,1800.0,同距離,1298,1298,1298,-0.038714733542319746,0.2772763281122529,0.01192550874023697,-0.014175380574874764,0.253811476650003,0.0032748893536306604
COURSE,東京,芝,1800.0,延長200-399,823,823,823,-0.038714733542319746,0.2741374348908353,-0.0053091564236660005,-0.01351526010830505,0.2392525015006972,-0.001390064391307673
COURSE,東京,芝,1800.0,延長400m+,243,243,243,-0.038714733542319746,0.2736058542922738,-0.049406581782060706,-0.010366589808026114,0.18315763799730725,-0.009922148242182438
COURSE,東京,芝,1800.0,短縮200-399,927,927,927,-0.038714733542319746,0.2755992231072474,0.004850480026241666,-0.013711005919285733,0.24401191959925342,0.0012883653250217834
COURSE,東京,芝,1800.0,短縮400m+,164,164,164,-0.038714733542319746,0.2736139851850826,0.001055126538726206,-0.008942558170338646,0.15800244214913223,0.0001827895271314413
COURSE,東京,芝,2000.0,同距離,1055,1055,1055,-0.06566579052880117,0.47284422262206627,0.014038587366512839,-0.023583798811194975,0.42455374882236585,0.003781457788511756
COURSE,東京,芝,2000.0,延長200-399,826,826,826,-0.06566579052880117,0.4743786892817389,0.009525316076793647,-0.022934436776655295,0.4142038026920891,0.002495109221807046
COURSE,東京,芝,2000.0,延長400m+,282,282,282,-0.06566579052880117,0.473010630761978,-0.03275311711400883,-0.01842562480509645,0.33181342754944726,-0.006892820168769022
COURSE,東京,芝,2000.0,短縮200-399,179,179,179,-0.06566579052880117,0.4715358905549888,0.02170625132372643,-0.015724650842348375,0.28229071708810366,0.0038984136992779575
COURSE,東京,芝,2000.0,短縮400m+,170,170,170,-0.06566579052880117,0.47050040447598407,0.015265239164672859,-0.015397495710201653,0.27581058193419755,0.002684576542752813
COURSE,東京,芝,2400.0,同距離,477,477,477,-0.005275629915840657,0.0010869741024984725,0.033436543280377484,-0.0016860807168214362,0.0008684868457148599,0.008014689017457317
COURSE,東京,芝,2400.0,延長200-399,375,375,375,-0.028940200146448623,-0.02037407797897528,-0.0039638760068342604,-0.008769757620135947,-0.015434907559829758,-0.00090088091064415
COURSE,東京,芝,2400.0,延長400m+,975,975,975,0.013521338315089837,0.024755309057651553,-0.015245927288885547,0.004815819125922408,0.02204239847599111,-0.004072542221003673
COURSE,東京,芝,2400.0,短縮1-199,107,107,107,-0.01951963939878508,0.003019081108796229,-0.027889109651694076,-0.0036803549174801824,0.0014230910953356673,-0.003943790395680088
COURSE,東京,芝,2400.0,短縮200-399,109,109,109,-0.0023713928069990786,-0.08831492012138253,-0.02891800444720123,-0.000451496621769257,-0.042036359359086006,-0.004129339499665852
COURSE,東京,芝,2500.0,延長1-199,57,57,57,-0.005277277701295491,-0.03019980580405046,-0.04338310565145258,-0.0006797849242346734,-0.009725361191134893,-0.004191249190055587
COURSE,東京,芝,2500.0,延長400m+,60,60,60,-0.04211938296445338,0.008638712059235165,-0.07847082494969819,-0.005615917728593784,0.0028795706864117214,-0.007847082494969819
COURSE,東京,芝,3400.0,延長400m+,59,59,59,0.0028615452344265963,0.01109662465594674,0.006823684789786483,0.000377276354929987,0.0036575466743064677,0.0006747442501632443
COURSE,福島,ダ,1150.0,同距離,294,294,294,0.0,0.0015663104734195965,0.010073678033513722,0.0,0.0011123074376458006,0.00214613140713988
COURSE,福島,ダ,1150.0,延長1-199,253,253,253,0.0,-0.0004944095271248727,-0.008869076934085972,0.0,-0.0003353501618300075,-0.0018047263788126683
COURSE,福島,ダ,1150.0,短縮1-199,1608,1608,1608,0.0,-0.0002552332286449577,0.002116017357302935,0.0,-0.00023750869887794674,0.0005907215122470693
COURSE,福島,ダ,1150.0,短縮200-399,455,455,455,0.0,0.00039040486266306296,0.013161066835188237,0.0,0.0003089290652377281,0.0031243228226142507
COURSE,福島,ダ,1150.0,短縮400m+,207,207,207,0.0,-0.0004957915443171146,-0.04883394298590854,0.0,-0.00031384969319156795,-0.009273968989067034
COURSE,福島,ダ,1700.0,同距離,843,843,843,0.006799723476847569,0.038865166852054545,0.00999138005982432,0.0023809623638556595,0.03402215540631566,0.0026239044830005925
COURSE,福島,ダ,1700.0,延長1-199,720,720,720,-0.02406721997906385,-0.02670581254528903,0.008899051076036266,-0.008251618278536177,-0.022890696467390597,0.0022883274195521826
COURSE,福島,ダ,1700.0,延長200-399,541,541,541,0.028985254861765883,0.06753635273392178,-0.01574409946822334,0.009489272544759663,0.05527559278222645,-0.0038657599753292703
COURSE,福島,ダ,1700.0,延長400m+,279,279,279,0.031264321239574136,0.02347315698179886,-0.04437155824296015,0.008744607143700435,0.016413560897047322,-0.009308018608861565
COURSE,福島,ダ,1700.0,短縮1-199,1573,1573,1573,-0.0046554448854705804,-0.006086756092766765,0.004513411463123923,-0.0017301866048069045,-0.0056553262456716605,0.0012580501296208973
COURSE,福島,ダ,1700.0,短縮200-399,209,209,209,-0.029616130133237162,-0.056517870466398,-0.015629125425824446,-0.007525557687351449,-0.03590344962759022,-0.002978559769602409
COURSE,福島,ダ,1700.0,短縮400m+,195,195,195,-0.05729371570555958,-0.13908780792407927,-0.026891547214562023,-0.014187015317567135,-0.08610197633395383,-0.0049941444827043754
COURSE,福島,ダ,2400.0,延長400m+,81,81,81,-0.029277720087688933,-0.00740154834781015,-0.0177108572747202,-0.004719393685776723,-0.0029827135132966275,-0.0021411633421676663
COURSE,福島,芝,1200.0,同距離,2286,2286,2286,0.0,-0.00135894697221417,0.005018351806403393,0.0,-0.0012911690683630893,0.0014304179837204684
COURSE,福島,芝,1200.0,延長200-399,208,208,208,0.0,-0.002805943948120282,-0.02083298408430257,0.0,-0.001779379089051886,-0.003963348191647806
COURSE,福島,芝,1200.0,短縮200-399,693,693,693,0.0,-0.00014158125992724813,0.017670179418860926,0.0,-0.00012068365698595689,0.004518610456557425
COURSE,福島,芝,1200.0,短縮400m+,507,507,507,0.0,-0.000613823459032492,-0.0373517217568864,0.0,-0.0004963452850549816,-0.009060920062555695
COURSE,福島,芝,1800.0,同距離,828,828,828,0.03495676404222131,-0.26901444145154174,0.00028924931473657545,0.012212742880573522,-0.2349619805083086,7.579064322844444e-05
COURSE,福島,芝,1800.0,延長200-399,481,481,481,0.031971337143750944,-0.25192090260493716,0.0007889128578783822,0.010235083638032749,-0.20162055599496634,0.00018941784590990106
COURSE,福島,芝,1800.0,延長400m+,184,184,184,0.07541570124028894,-0.25690484546513415,-0.056474035709418016,0.018258538195017323,-0.15549503804468645,-0.010254495957762745
COURSE,福島,芝,1800.0,短縮200-399,422,422,422,0.011048299633035705,-0.2971894506760736,-0.009492786997281191,0.0034408726532406406,-0.2313910483123673,-0.0022173188816527654
COURSE,福島,芝,1800.0,短縮400m+,67,67,67,0.006061385860665326,-0.3053300701071012,-0.018511673606887193,0.0008686905939349238,-0.10939633527901488,-0.0019897574304729012
COURSE,福島,芝,2000.0,同距離,787,787,787,0.0016785550874631183,-0.08076949945570189,-0.01404935833887748,0.0005825900127159753,-0.07008334737776999,-0.003657170345985637
COURSE,福島,芝,2000.0,延長200-399,538,538,538,0.010542387909860534,-0.0862772481716243,-0.01565538187184584,0.003447905589972625,-0.07054279561752869,-0.0038400891095986605
COURSE,福島,芝,2000.0,延長400m+,205,205,205,0.012382989959003707,-0.0736917600960646,-0.03494996886976043,0.003124323620425551,-0.04648249482982536,-0.0066136094938162035
COURSE,福島,芝,2000.0,短縮200-399,116,116,116,-0.005320962942594272,-0.08937643741762169,0.05907862658860795,-0.0010461554260015858,-0.04393079127306829,0.008711594090184563
COURSE,福島,芝,2000.0,短縮400m+,166,166,166,-0.005424826673379485,-0.14814520148603272,0.01150903788898186,-0.0012594702486447475,-0.0859863756876973,0.0020040212827667713
COURSE,福島,芝,2600.0,同距離,195,195,195,-0.0017632042948498572,-0.01954813196780092,-0.018858391010289743,-0.00043660296824853616,-0.012101224551495808,-0.003502272616196667
COURSE,福島,芝,2600.0,延長1-199,57,57,57,0.02657687667681005,0.028150595305825088,-0.010221413952260061,0.0034234620804026506,0.009065445945943672,-0.0009874925343708871
COURSE,福島,芝,2600.0,延長200-399,202,202,202,-0.014329845574362426,0.008129691393571559,0.03346453358986258,-0.0035958121813928073,0.005099992737582158,0.0062979836507629575
COURSE,福島,芝,2600.0,延長400m+,452,452,452,-0.010102210421466612,-0.00024414979537079606,-0.016237560513353053,-0.003193146231120915,-0.00019292955857971996,-0.0038493237860326465
COURSE,阪神,ダ,1200.0,同距離,3096,3096,3096,0.0,0.00096253342070729,0.007560316824160543,0.0,0.0009266179945614956,0.0021834646350374102
COURSE,阪神,ダ,1200.0,延長1-199,100,100,100,0.0,0.002449097316185922,-0.03866707335671801,0.0,0.0011132260528117827,-0.0052727827304615464
COURSE,阪神,ダ,1200.0,延長200-399,264,264,264,0.0,0.002821024631295188,-0.03836404305368771,0.0,0.0019394544340154418,-0.00791258387982309
COURSE,阪神,ダ,1200.0,短縮200-399,1041,1041,1041,0.0,0.001980737839181179,0.004339650946836263,0.0,0.0017760104139428144,0.0011673324639939404
COURSE,阪神,ダ,1200.0,短縮400m+,391,391,391,0.0,0.001122965931231068,-0.02774635724418604,0.0,0.0008592557321161401,-0.006369173590495152
COURSE,阪神,ダ,1400.0,同距離,3009,3009,3009,0.0,0.0005938339928714953,0.01815354903560068,0.0,0.0005710599183606038,0.005237203168563993
COURSE,阪神,ダ,1400.0,延長200-399,1197,1197,1197,0.0,0.0012227718960768907,-0.015622316350696566,0.0,0.0011113576003067868,-0.004259661200861911
COURSE,阪神,ダ,1400.0,延長400m+,47,47,47,0.0,0.004012988724047872,-0.04697729955338413,0.0,0.0011294040121571857,-0.003966346848519258
COURSE,阪神,ダ,1400.0,短縮200-399,792,792,792,0.0,0.0007219354773206899,-0.005122582166751849,0.0,0.0006269439671469149,-0.0013345674592327185
COURSE,阪神,ダ,1400.0,短縮400m+,791,791,791,0.0,0.0004109351004752959,-0.030327220203248295,0.0,0.0003568053397101636,-0.007899724867432295
COURSE,阪神,ダ,1800.0,同距離,4735,4735,4735,0.0026559724693341613,0.008208054185682934,0.01852396781447499,0.001036130145606365,0.008005177460187167,0.005419834455295926
COURSE,阪神,ダ,1800.0,延長1-199,772,772,772,0.029647946031879646,0.04189668744399644,-0.009183655386142173,0.01026377324511708,0.03626036177888481,-0.002384455815505075
COURSE,阪神,ダ,1800.0,延長200-399,416,416,416,0.03530258931605661,-0.002325405686401827,-0.007938139244252976,0.010959609817522052,-0.0018047924730282836,-0.0018482831673186032
COURSE,阪神,ダ,1800.0,延長400m+,816,816,816,0.009284489768545304,-0.002352114564920682,-0.05073602763037666,0.003237668226979901,-0.0020505614155718766,-0.013269422611021587
COURSE,阪神,ダ,1800.0,短縮1-199,442,442,442,-0.005138587154531624,-0.028953967389907076,0.012989462565701784,-0.0016165519731693792,-0.022771625598467845,0.0030647735519787485
COURSE,阪神,ダ,1800.0,短縮200-399,716,716,716,-0.012425171749693278,-0.0501595959941365,-0.008206725406693885,-0.004256661709464301,-0.04295965398540877,-0.0021086179633467064
COURSE,阪神,ダ,1800.0,短縮400m+,145,145,145,-0.02010191996776302,-0.07400374567458928,0.014409340861847822,-0.004399665502378321,-0.04049261555779413,0.002365306896190114
COURSE,阪神,ダ,2000.0,同距離,276,276,276,0.007169287696577237,0.006933631116245564,0.04140649090348443,0.0019987105093488057,0.004832530777989333,0.008657720825274016
COURSE,阪神,ダ,2000.0,延長1-199,255,255,255,0.0025657071339173915,0.011537689201761459,0.012335732165206503,0.0006978723404255306,0.007845628657197793,0.002516489361702127
COURSE,阪神,ダ,2000.0,延長200-399,722,722,722,-0.013305239582719397,-0.0057050890822420985,-0.013914878882536688,-0.004563602365189266,-0.004892012253418996,-0.003579528225602668
COURSE,阪神,ダ,2000.0,短縮1-199,106,106,106,0.014552388598956245,-0.02577063500167931,-0.0063102167804094805,0.002730182639804181,-0.012087111991938083,-0.0008878977593673517
COURSE,阪神,ダ,2000.0,短縮400m+,76,76,76,0.02547592385218364,-0.0369392654168339,-0.029150335946248607,0.003951367781155014,-0.014323388631017226,-0.003390957446808511
COURSE,阪神,芝,1200.0,同距離,1001,1001,1001,0.0,0.006052082009992743,0.00901217076085227,0.0,0.005404223097237052,0.0024142327203246538
COURSE,阪神,芝,1200.0,延長200-399,45,45,45,0.0,8.895940351427711e-05,-0.046687684939003424,0.0,2.4261655503893756e-05,-0.003819901495009371
COURSE,阪神,芝,1200.0,短縮200-399,322,322,322,0.0,0.009403027552985721,0.008729844391569375,0.0,0.006850169393804077,0.0019079252674787364
COURSE,阪神,芝,1200.0,短縮400m+,118,118,118,0.0,0.008645771392528978,-0.018062449534107003,0.0,0.004286558925707644,-0.0026865996365856635
COURSE,阪神,芝,1400.0,同距離,989,989,989,0.0,0.0046512334991275495,0.020407884411928895,0.0,0.004147944031232774,0.005459891167736071
COURSE,阪神,芝,1400.0,延長200-399,603,603,603,0.0,0.005513832874290525,-0.028122634547034293,0.0,0.004598673891005791,-0.007036493208241361
COURSE,阪神,芝,1400.0,短縮200-399,543,543,543,0.0,0.0015674145899500225,0.015132544438333534,0.0,0.0012837196415427785,0.0037180867104140763
COURSE,阪神,芝,1400.0,短縮400m+,164,164,164,0.0,-0.0007458455900704042,-0.020801516559735014,0.0,-0.000430699566096994,-0.003603643009644235
COURSE,阪神,芝,1600.0,同距離,1697,1697,1697,0.0,0.0010047882715884526,0.02049711508123088,0.0,0.0009384291122100188,0.005743027676309654
COURSE,阪神,芝,1600.0,延長200-399,696,696,696,0.0,-0.0013449890927283992,-0.0433562705418091,0.0,-0.0011471965790918698,-0.011094104520992328
COURSE,阪神,芝,1600.0,延長400m+,217,217,217,0.0,-0.0013954200875416767,-0.04731569635885449,0.0,-0.0008985345964289135,-0.009140213154188212
COURSE,阪神,芝,1600.0,短縮200-399,651,651,651,0.0,-0.0006015992882992816,0.01720043267340357,0.0,-0.0005079651578246852,0.004356996758904951
COURSE,阪神,芝,1600.0,短縮400m+,269,269,269,0.0,-0.0017484846415840583,-0.011768439921803125,0.0,-0.0012091063459797214,-0.002441421855242962
COURSE,阪神,芝,1800.0,同距離,806,806,806,-0.038714733542319746,0.28360816112712606,0.0334493648731691,-0.013479082174993398,0.24685548365924795,0.008734402188263811
COURSE,阪神,芝,1800.0,延長200-399,515,515,515,-0.038714733542319746,0.27921322257028536,0.0013984843412362669,-0.012559425369634437,0.22644851909243616,0.00034026115074173736
COURSE,阪神,芝,1800.0,延長400m+,204,204,204,-0.038714733542319746,0.274009553167314,-0.053703362222632,-0.009750377336584234,0.17252453347571622,-0.01014396841983049
COURSE,阪神,芝,1800.0,短縮200-399,594,594,594,-0.038714733542319746,0.28342739406900297,0.0009114129803785009,-0.012883222254419008,0.23579253792295207,0.0002274702984642141
COURSE,阪神,芝,1800.0,短縮400m+,104,104,104,-0.038714733542319746,0.27624351674302294,-0.001290089221123697,-0.00718987908643081,0.12825591848783208,-0.00017969099865651494
COURSE,阪神,芝,2000.0,同距離,1058,1058,1058,0.02412626996269221,-0.07569593534612473,0.016610730102068608,0.00866743416656311,-0.06798497419032255,0.004475590606448706
COURSE,阪神,芝,2000.0,延長200-399,688,688,688,0.01718304668050115,-0.08099988124635826,0.006903406059337702,0.005852443621873659,-0.0689701959127407,0.0017634443201080467
COURSE,阪神,芝,2000.0,延長400m+,274,274,274,0.05842180071207474,-0.07612326950015713,-0.027757517383201764,0.01625134354833348,-0.05293851736812958,-0.005791035352536002
COURSE,阪神,芝,2000.0,短縮200-399,182,182,182,0.03872981386680323,-0.10559804605823375,0.02554319650145373,0.009336193541401572,-0.06363855755827331,0.004618074599269449
COURSE,阪神,芝,2000.0,短縮400m+,159,159,159,-0.0279299414721974,-0.1522246652097336,0.015487214747358771,-0.006366825367855752,-0.08675169092597722,0.0026478141342258545
COURSE,阪神,芝,2200.0,同距離,124,124,124,0.0012954419173789034,-0.01928043900318055,0.018392153679991502,0.00026333573402456396,-0.009798255886862247,0.0028040496594085402
COURSE,阪神,芝,2200.0,延長200-399,290,290,290,0.017202004764987358,0.02653442388862226,0.021617960131604413,0.004866908665215936,0.01876825104317184,0.004587225686462399
COURSE,阪神,芝,2200.0,延長400m+,161,161,161,-0.004815557882260443,0.02831265674965422,-0.028692598874606776,-0.001103636753087447,0.016221842479339253,-0.004931859521863016
COURSE,阪神,芝,2200.0,短縮200-399,141,141,141,-0.008427733557340833,-0.03605830529240689,-0.00036785547123247,-0.0018211654123908927,-0.019479774123484183,-5.961795568250375e-05
COURSE,阪神,芝,2200.0,短縮400m+,50,50,50,-0.019349719372943677,-0.06615653373387687,-0.03838203986839559,-0.0022764375732874918,-0.01945780403937555,-0.00338665057662314
COURSE,阪神,芝,2400.0,同距離,175,175,175,-0.01636877157502005,-0.015136836073666227,0.05889326685030859,-0.0038841152889878086,-0.00897947902675115,0.0104810051174278
COURSE,阪神,芝,2400.0,延長200-399,186,186,186,0.022586681573981485,0.03312392449293611,-0.0033187147165116837,0.005491663755242557,0.02013415018198077,-0.0006051773894815423
COURSE,阪神,芝,2400.0,延長400m+,450,450,450,0.019504244297995826,-0.001894788024195293,-0.006186098229056483,0.006159235041472366,-0.001495885282259442,-0.0014651285279344303
COURSE,阪神,芝,2400.0,短縮200-399,91,91,91,-0.01900613421238269,-0.050061267025892864,0.03691524487228662,-0.0032787833427996675,-0.021590404262351898,0.004776237843665519
COURSE,阪神,芝,2600.0,延長200-399,42,42,42,-0.00725770978935536,0.019317584123189846,0.08626981411791537,-0.000752651385562778,0.005008262550456627,0.006709874431393418
COURSE,阪神,芝,2600.0,延長400m+,79,79,79,-0.015395141977420451,-0.038611519624177915,-0.004447485460143688,-0.0024446557109873684,-0.015328191207588217,-0.0005296754040472634
COURSE,阪神,芝,3000.0,延長400m+,127,127,127,0.023059617547806527,0.005402492303934747,0.01804274465691788,0.004742625795257374,0.0027777996866385135,0.002783111625216888
SURFACE_DISTANCE,,ダ,1000.0,同距離,1915,1915,1915,0.0,0.0011452014926744969,0.013061424764834226,0.0,0.0009900951956982671,0.003387714910788832
SURFACE_DISTANCE,,ダ,1000.0,短縮1-199,214,214,214,0.0,-0.002033212843288501,-0.016557178978363854,0.0,-0.0008465127402018274,-0.0020680367517722947
SURFACE_DISTANCE,,ダ,1000.0,短縮200-399,1813,1813,1813,0.0,-0.0005439894033689718,-0.006412378446380401,0.0,-0.00046675475073731465,-0.0016505880913328442
SURFACE_DISTANCE,,ダ,1000.0,短縮400m+,730,730,730,0.0,-0.0010571240023296014,-0.013484589041095896,0.0,-0.0007492238074763195,-0.002867111650485438
SURFACE_DISTANCE,,ダ,1150.0,同距離,294,294,294,0.0,0.0015663104734195965,0.010073678033513722,0.0,0.0007752445777531337,0.0014957885564914316
SURFACE_DISTANCE,,ダ,1150.0,延長1-199,253,253,253,0.0,-0.0004944095271248727,-0.008869076934085972,0.0,-0.00022619459378407379,-0.0012172928377886534
SURFACE_DISTANCE,,ダ,1150.0,短縮1-199,1608,1608,1608,0.0,-0.0002552332286449577,0.002116017357302935,0.0,-0.00021510221785172535,0.000534993067695459
SURFACE_DISTANCE,,ダ,1150.0,短縮200-399,455,455,455,0.0,0.00039040486266306296,0.013161066835188237,0.0,0.00023527710266449487,0.0023794511562956213
SURFACE_DISTANCE,,ダ,1150.0,短縮400m+,207,207,207,0.0,-0.0004957915443171146,-0.04883394298590854,0.0,-0.0002024237666146799,-0.005981435620167495
SURFACE_DISTANCE,,ダ,1200.0,同距離,15188,15188,15188,0.0,-3.0675632312293644e-05,0.007972378842386552,0.0,-3.0081450384756964e-05,0.0023453865545874277
SURFACE_DISTANCE,,ダ,1200.0,延長1-199,1303,1303,1303,0.0,8.472177529461611e-05,-0.014177434062780943,0.0,6.886617168364616e-05,-0.00345724203065569
SURFACE_DISTANCE,,ダ,1200.0,延長200-399,1361,1361,1361,0.0,0.0014834691000067401,-0.017969057192133146,0.0,0.0012155336815828858,-0.004417077695092091
SURFACE_DISTANCE,,ダ,1200.0,短縮1-199,667,667,667,0.0,-0.00174532994570753,-0.0027000568649638845,0.0,-0.001203862537525256,-0.0005587191092857014
SURFACE_DISTANCE,,ダ,1200.0,短縮200-399,5111,5111,5111,0.0,0.00017267457155756283,0.0015735840488777658,0.0,0.00016310104143979,0.0004459021293927699
SURFACE_DISTANCE,,ダ,1200.0,短縮400m+,2598,2598,2598,0.0,-0.0005319080354890815,-0.032485395142707235,0.0,-0.0004768450918566714,-0.008736755339622504
SURFACE_DISTANCE,,ダ,1300.0,同距離,212,212,212,0.0,-0.00044100523131063163,0.018101960480133406,0.0,-0.0001826037285895584,0.0022486029033915713
SURFACE_DISTANCE,,ダ,1300.0,延長1-199,1028,1028,1028,0.0,-0.0003163566029726894,-0.0016286026209604842,0.0,-0.00024489050290355777,-0.000378208620711004
SURFACE_DISTANCE,,ダ,1300.0,短縮1-199,426,426,426,0.0,0.0008918400442001762,-0.0010760003667086432,0.0,0.0005233111003158058,-0.0001894116348007777
SURFACE_DISTANCE,,ダ,1300.0,短縮200-399,117,117,117,0.0,-0.00013462686796561485,0.01866638557286039,0.0,-3.777300611984877e-05,0.0015711993611688244
SURFACE_DISTANCE,,ダ,1300.0,短縮400m+,135,135,135,0.0,-5.167088757374039e-05,-0.01495184804537323,0.0,-1.6035792695298743e-05,-0.0013920686111209557
SURFACE_DISTANCE,,ダ,1400.0,同距離,10058,10058,10058,0.0,0.00013296842177634716,0.01943749464029254,0.0,0.0001291172413812029,0.005662357243446487
SURFACE_DISTANCE,,ダ,1400.0,延長1-199,466,466,466,0.0,-0.0026687073535940353,-0.0038762128946315116,0.0,-0.0016235217059723506,-0.0007074341549209992
SURFACE_DISTANCE,,ダ,1400.0,延長200-399,5313,5313,5313,0.0,0.000125370772672051,-0.02176415315614893,0.0,0.00011867003655916745,-0.0061802750250464595
SURFACE_DISTANCE,,ダ,1400.0,延長400m+,182,182,182,0.0,0.00394269297921368,-0.04078136782553751,0.0,0.0014887346933960368,-0.004619632122975826
SURFACE_DISTANCE,,ダ,1400.0,短縮200-399,3144,3144,3144,0.0,-0.0004445318787142938,-0.004004531430380501,0.0,-0.00040580958962768286,-0.0010967113952191894
SURFACE_DISTANCE,,ダ,1400.0,短縮400m+,2531,2531,2531,0.0,-0.00012984092842005523,-0.023607510469933812,0.0,-0.00011608173430984098,-0.006331749452426968
SURFACE_DISTANCE,,ダ,1600.0,同距離,2987,2987,2987,0.0,-0.00046140784771653287,0.013900972383402543,0.0,-0.0004192957837326692,0.003789674886756014
SURFACE_DISTANCE,,ダ,1600.0,延長200-399,1330,1330,1330,0.0,5.615703545758244e-05,-0.021339958870074296,0.0,4.5821384759867874e-05,-0.005223707723410824
SURFACE_DISTANCE,,ダ,1600.0,延長400m+,506,506,506,0.0,0.001444587775503825,-0.04574484460219115,0.0,0.0009069000178721285,-0.008615468251380418
SURFACE_DISTANCE,,ダ,1600.0,短縮1-199,586,586,586,0.0,-0.00034930206017813603,-0.019972205014445465,0.0,-0.00023102822490337214,-0.003962882213927215
SURFACE_DISTANCE,,ダ,1600.0,短縮200-399,2906,2906,2906,0.0,0.00038923668584311955,0.00762163989628413,0.0,0.0003528140390081427,0.0020725345170244866
SURFACE_DISTANCE,,ダ,1600.0,短縮400m+,450,450,450,0.0,-0.0009425719344491323,-0.002793592955287333,0.0,-0.0005655431606694794,-0.0005028467319517199
SURFACE_DISTANCE,,ダ,1700.0,同距離,5767,5767,5767,0.0010168310391817231,0.0091105807108115,0.006198580968335365,0.0003866203792952693,0.008660082241511442,0.0017676223723944314
SURFACE_DISTANCE,,ダ,1700.0,延長1-199,1478,1478,1478,-0.009755462348632338,-0.017774035917583197,0.005439045061903056,-0.003243773532346141,-0.014775042230701892,0.0013563962769672748
SURFACE_DISTANCE,,ダ,1700.0,延長200-399,1768,1768,1768,0.020081849905300153,0.04511044019950816,-0.0034752576218018416,0.006867448865100711,0.038566372472306786,-0.000891332999324805
SURFACE_DISTANCE,,ダ,1700.0,延長400m+,1174,1174,1174,0.03038810843282333,0.03290383085303983,-0.03215953306176423,0.009681313242913051,0.026206986038988304,-0.0076842520653686314
SURFACE_DISTANCE,,ダ,1700.0,短縮1-199,4743,4743,4743,-0.0020479283914610624,-0.003758411552742591,0.0026450978818553655,-0.0007704401634503128,-0.003534829663822746,0.0007463235724949434
SURFACE_DISTANCE,,ダ,1700.0,短縮200-399,880,880,880,-0.027223785635629508,-0.05794642728969163,-0.004863575186590002,-0.008120993681136938,-0.043214284758414094,-0.0010881219061523394
SURFACE_DISTANCE,,ダ,1700.0,短縮400m+,536,536,536,-0.05402161467226452,-0.14148516335386874,-0.01520957247288579,-0.013854347112121426,-0.09071297554745651,-0.002925477576124444
SURFACE_DISTANCE,,ダ,1800.0,同距離,19243,19243,19243,0.00023364316580816447,0.0068260520216550935,0.011019303821956913,9.202262579228386e-05,0.006721266901330858,0.0032550447236235516
SURFACE_DISTANCE,,ダ,1800.0,延長1-199,4087,4087,4087,0.01794807876665984,0.03398274607838658,0.002806529593148921,0.006688287934291203,0.031658874680274895,0.0007843824787234766
SURFACE_DISTANCE,,ダ,1800.0,延長200-399,3436,3436,3436,-0.007753961234673215,-0.008541270397022238,-0.006561314671852142,-0.0028525279231624377,-0.007855408213107175,-0.0018103327526084547
SURFACE_DISTANCE,,ダ,1800.0,延長400m+,3261,3261,3261,0.016721986386327645,0.006016461424417363,-0.04335377390091799,0.006125290379760118,0.005509598625393154,-0.011910417581372667
SURFACE_DISTANCE,,ダ,1800.0,短縮1-199,1358,1358,1358,-0.009000401507552769,-0.0314718727292026,0.0035465101269943344,-0.002948744329856854,-0.02577732398447354,0.0008714404256559058
SURFACE_DISTANCE,,ダ,1800.0,短縮200-399,2980,2980,2980,-0.020576347183685256,-0.048600244665325754,-0.014843146988186888,-0.007477745683827081,-0.04415510033618011,-0.004045662624219231
SURFACE_DISTANCE,,ダ,1800.0,短縮400m+,720,720,720,-0.04471877820531091,-0.10131325781527961,-0.02802360932972306,-0.012626478552087787,-0.07151524081078561,-0.005934411387470765
SURFACE_DISTANCE,,ダ,1900.0,同距離,560,560,560,-0.004922586706973334,-0.0027013656223515703,0.01236263736263736,-0.0012821621190256126,-0.0017590287773452088,0.0024150268336314844
SURFACE_DISTANCE,,ダ,1900.0,延長1-199,1696,1696,1696,0.010912992807851463,0.006321118379495672,-0.00204100145137881,0.003709105371165547,0.005371050486785901,-0.0005202713118544781
SURFACE_DISTANCE,,ダ,1900.0,延長200-399,419,419,419,0.00479442658999224,0.03662306185616315,0.004222507802460071,0.0011175881731331008,0.021342229370976858,0.0007382047715844658
SURFACE_DISTANCE,,ダ,1900.0,延長400m+,105,105,105,0.047458365673979055,0.03717140215220205,-0.07692307692307693,0.004921608292116346,0.009637030187607937,-0.0059829059829059825
SURFACE_DISTANCE,,ダ,1900.0,短縮1-199,365,365,365,-0.02977581566979133,-0.03351489712509531,0.010748155953635402,-0.0065372467485556906,-0.018395394662646298,0.0017698091382301903
SURFACE_DISTANCE,,ダ,1900.0,短縮200-399,220,220,220,-0.03544206722645385,-0.03156181388620882,-0.013286713286713298,-0.005997888299861421,-0.013353075105703733,-0.00168639053254438
SURFACE_DISTANCE,,ダ,1900.0,短縮400m+,132,132,132,-0.030896612680999302,-0.07029830046360452,0.013986013986013984,-0.003776252661011026,-0.02148003625276805,0.0012820512820512818
SURFACE_DISTANCE,,ダ,2000.0,同距離,276,276,276,0.007169287696577237,0.006933631116245564,0.04140649090348443,0.001374113475177304,0.0033223649098676664,0.005952183067375887
SURFACE_DISTANCE,,ダ,2000.0,延長1-199,255,255,255,0.0025657071339173915,0.011537689201761459,0.012335732165206503,0.0004715353651523855,0.0053011004440525625,0.0017003306497987342
SURFACE_DISTANCE,,ダ,2000.0,延長200-399,722,722,722,-0.013305239582719397,-0.0057050890822420985,-0.013914878882536688,-0.003759836782279219,-0.0040304053986093885,-0.0029490829412499478
SURFACE_DISTANCE,,ダ,2000.0,短縮1-199,106,106,106,0.014552388598956245,-0.02577063500167931,-0.0063102167804094805,0.0015197568389057755,-0.0067282938674335145,-0.0004942485064458657
SURFACE_DISTANCE,,ダ,2100.0,同距離,869,869,869,0.005311445636942927,-0.007321744905408933,0.02341419882107043,0.001579348591446845,-0.005442768454063613,0.0052216267174106604
SURFACE_DISTANCE,,ダ,2100.0,延長1-199,182,182,182,0.008586651443794308,0.008005392981131454,0.002782931354359919,0.0012969050313448665,0.0030227832418380177,0.00031524492105404885
SURFACE_DISTANCE,,ダ,2100.0,延長200-399,1451,1451,1451,-0.0028643372642584985,0.014131520808094766,-0.005930271362977871,-0.0009494353787410809,0.01171035790550857,-0.001474270202343956
SURFACE_DISTANCE,,ダ,2100.0,延長400m+,342,342,342,-0.00108496349097853,-0.0027599189192295537,-0.018938037735030222,-0.00023118848218981757,-0.0014702371812718182,-0.003026546217467446
SURFACE_DISTANCE,,ダ,2100.0,短縮200-399,274,274,274,-0.006292629858844663,-0.03458526691822328,-0.002952209417277196,-0.0012015195688665071,-0.016509343441799964,-0.0004227728468644347
SURFACE_DISTANCE,,ダ,2400.0,同距離,320,320,320,-0.016160436137071646,-0.009399064720326478,0.0049357476635514125,-0.003336348105718017,-0.004851130178233021,0.000764244799517638
SURFACE_DISTANCE,,ダ,2400.0,延長200-399,208,208,208,-0.011352743829379341,-0.027039068946869027,0.02152228612508987,-0.0018593470208747268,-0.011071114844387319,0.0026436823901685195
SURFACE_DISTANCE,,ダ,2400.0,延長400m+,636,636,636,0.007817551284311997,0.01717940005389318,-0.01340151648739199,0.0021247703490694147,0.011673182087901777,-0.0027318475916606752
SURFACE_DISTANCE,,ダ,2500.0,延長400m+,106,106,106,0.029874213836477995,0.02285518319323343,-0.026729559748427667,0.0031198686371100176,0.005967116794292473,-0.0020935960591133
SURFACE_DISTANCE,,芝,1000.0,同距離,694,694,694,0.0,-0.0010518443063471938,0.001388633327994132,0.0,-0.0007343862662021655,0.00029085861055168843
SURFACE_DISTANCE,,芝,1000.0,短縮200-399,1092,1092,1092,0.0,0.00045783549832467685,0.006669375640436737,0.0,0.00035916405472022063,0.0015696030602062319
SURFACE_DISTANCE,,芝,1000.0,短縮400m+,333,333,333,0.0,0.0007063368053261687,-0.02897891000784892,0.0,0.0003715800255507333,-0.004573448830622602
SURFACE_DISTANCE,,芝,1200.0,同距離,15571,15571,15571,0.0,0.00011318958096984133,0.003275565833443933,0.0,0.00011105002616605125,0.0009640949327557586
SURFACE_DISTANCE,,芝,1200.0,延長1-199,146,146,146,0.0,-0.0005416359762757672,-0.05521127702423935,0.0,-0.00017730684425170854,-0.005422094021662968
SURFACE_DISTANCE,,芝,1200.0,延長200-399,1123,1123,1123,0.0,0.0008320951073639282,-0.024386309654547113,0.0,0.0006566709807236061,-0.005773540212661224
SURFACE_DISTANCE,,芝,1200.0,短縮200-399,3753,3753,3753,0.0,0.0003202772211154947,0.004631259905121268,0.0,0.0002965705430166424,0.001286537263058484
SURFACE_DISTANCE,,芝,1200.0,短縮400m+,2277,2277,2277,0.0,-0.0016060765748284744,-0.014013113133996842,0.0,-0.0014191060771767312,-0.00371453534413397
SURFACE_DISTANCE,,芝,1400.0,同距離,4738,4738,4738,0.0,0.0009593560849541216,0.008932136623145487,0.0,0.0009022288865646345,0.002520075227498808
SURFACE_DISTANCE,,芝,1400.0,延長200-399,3183,3183,3183,0.0,0.0006731873126157861,-0.020257467763921892,0.0,0.0006152039092897064,-0.005553791549747061
SURFACE_DISTANCE,,芝,1400.0,延長400m+,110,110,110,0.0,0.0004776405107309589,-0.06049109527370397,0.0,0.00012814745409854997,-0.004868795473249344
SURFACE_DISTANCE,,芝,1400.0,短縮1-199,138,138,138,0.0,0.003996920095750811,0.03186727099770578,0.0,0.0012593035918118992,0.0030121119162215054
SURFACE_DISTANCE,,芝,1400.0,短縮200-399,2816,2816,2816,0.0,-0.0009283065877923047,0.017420836544477847,0.0,-0.0008389317558482446,0.00472308174350927
SURFACE_DISTANCE,,芝,1400.0,短縮400m+,904,904,904,0.0,-0.005055791054168202,-0.025334216753993596,0.0,-0.0037960424526312744,-0.00570651128212879
SURFACE_DISTANCE,,芝,1500.0,同距離,263,263,263,0.0,0.0014575655023014722,0.027416118270796777,0.0,0.0006808876147518422,0.0038421522763159247
SURFACE_DISTANCE,,芝,1500.0,延長1-199,159,159,159,0.0,-0.003328603429430199,0.049225430273092494,0.0,-0.0011530456324169971,0.005115583930340984
SURFACE_DISTANCE,,芝,1500.0,延長200-399,295,295,295,0.0,0.0035255395967626058,-0.0421720753233258,0.0,0.0017479566067982667,-0.0062726532203602236
SURFACE_DISTANCE,,芝,1500.0,短縮1-199,157,157,157,0.0,-0.001072945152860827,-4.74936543200799e-05,0.0,-0.0003686047899324941,-4.894860215483071e-06
SURFACE_DISTANCE,,芝,1500.0,短縮200-399,242,242,242,0.0,-0.0010285133369654087,0.0080590494840702,0.0,-0.0004592255120768061,0.001079496296205713
SURFACE_DISTANCE,,芝,1600.0,同距離,8999,8999,8999,0.0,0.0011196881105743905,0.019933967326255422,0.0,0.00108356525508753,0.00578726009148207
SURFACE_DISTANCE,,芝,1600.0,延長1-199,245,245,245,0.0,0.004422370898316652,0.02707535038242266,0.0,0.0019880382937386785,0.003651446335978102
SURFACE_DISTANCE,,芝,1600.0,延長200-399,3109,3109,3109,0.0,-0.0008770414670280502,-0.030578203158646393,0.0,-0.0007998597597507211,-0.008366174856576558
SURFACE_DISTANCE,,芝,1600.0,延長400m+,1374,1374,1374,0.0,-0.0006317577587073853,-0.058226019073656717,0.0,-0.0005185395223798969,-0.014337374589104716
SURFACE_DISTANCE,,芝,1600.0,短縮1-199,148,148,148,0.0,-0.0029147145690209264,-0.07496546594410795,0.0,-0.0009628967772658417,-0.0074296131426749845
SURFACE_DISTANCE,,芝,1600.0,短縮200-399,3540,3540,3540,0.0,-0.001161965713206481,0.005260522756457012,0.0,-0.0010711871418622246,0.0014548633248326424
SURFACE_DISTANCE,,芝,1600.0,短縮400m+,1407,1407,1407,0.0,-0.0021464539550313244,-0.013131777244747615,0.0,-0.0017692212740064873,-0.003247172334509648
SURFACE_DISTANCE,,芝,1800.0,同距離,7669,7669,7669,0.006010784778191405,-0.004172993704309014,0.014628143022574702,0.0023138014036365863,-0.0040158976933549785,0.004223236121475419
SURFACE_DISTANCE,,芝,1800.0,延長1-199,286,286,286,-0.00025319508078128217,-0.09177089470194688,-0.06073064866168314,-4.942921030951993e-05,-0.04478920799446554,-0.008891961868894903
SURFACE_DISTANCE,,芝,1800.0,延長200-399,3982,3982,3982,0.0019683402899253605,0.0197816278150742,0.002650721349521129,0.0007321747813622406,0.018395712741622012,0.0007395029715408548
SURFACE_DISTANCE,,芝,1800.0,延長400m+,1554,1554,1554,0.014052319224733024,-0.004029312910664884,-0.05247314040417489,0.004711392464991397,-0.003377320530298398,-0.013194702295807083
SURFACE_DISTANCE,,芝,1800.0,短縮200-399,4717,4717,4717,-0.013274835301912709,-0.0033517122977663183,-0.003165466334999867,-0.004992417629589177,-0.003151290992338793,-0.0008928545765713198
SURFACE_DISTANCE,,芝,1800.0,短縮400m+,882,882,882,-0.012637636036650812,0.006613617117519288,-0.007918381563701754,-0.0037720456799749634,0.0049350340927682,-0.00177259201502156
SURFACE_DISTANCE,,芝,2000.0,同距離,9782,9782,9782,-0.0006484116696721526,0.0017282408558193518,0.013357774072727271,-0.0002516470126059511,0.0016768153195422435,0.0038880900410459677
SURFACE_DISTANCE,,芝,2000.0,延長200-399,7195,7195,7195,0.001603146232838859,0.005183365374132665,-0.008386806782267414,0.0006155910417758822,0.0049758924438805235,-0.002415333214079281
SURFACE_DISTANCE,,芝,2000.0,延長400m+,2402,2402,2402,0.020928714050715905,-0.0006880892027928409,-0.03139195826883843,0.007442009052526959,-0.0006116914378639541,-0.00837196340804033
SURFACE_DISTANCE,,芝,2000.0,短縮200-399,1389,1389,1389,-0.005910570946367766,0.01245730994491634,0.015460047109449038,-0.001944294385909965,0.010244643880099939,0.0038142105568427552
SURFACE_DISTANCE,,芝,2000.0,短縮400m+,1537,1537,1537,-0.027279323385014577,-0.037676982902091205,-0.006633800216857236,-0.009129737624990182,-0.031523964464079575,-0.0016651308002138656
SURFACE_DISTANCE,,芝,2200.0,同距離,859,859,859,-0.007172769431150888,0.00013756821103305672,0.021734374566994397,-0.0021264569254041805,0.00010195952828075558,0.00483256973763111
SURFACE_DISTANCE,,芝,2200.0,延長200-399,1957,1957,1957,0.004452017980147785,0.017343349608239356,0.005419697484695868,0.0015441026472572824,0.015038074959381666,0.0014097937054784865
SURFACE_DISTANCE,,芝,2200.0,延長400m+,1119,1119,1119,0.004653855247252925,-0.0013139611088172076,-0.03548659750914626,0.0014679814014590623,-0.0010361680625556415,-0.008395243681339253
SURFACE_DISTANCE,,芝,2200.0,短縮200-399,852,852,852,-0.00775347524148827,-0.020928049500628765,0.013167255906252298,-0.0022937364256069466,-0.015478036609840025,0.0029214849041997288
SURFACE_DISTANCE,,芝,2200.0,短縮400m+,348,348,348,-0.0017635124763919485,-0.03225444599177896,0.0020777302465469355,-0.00037882860603975196,-0.01732183210669611,0.0003347454286103396
SURFACE_DISTANCE,,芝,2400.0,同距離,869,869,869,-0.003237093126885915,-0.003591026138081488,0.04146765448798738,-0.0009625436876865219,-0.0026694625440485996,0.009247748096679479
SURFACE_DISTANCE,,芝,2400.0,延長200-399,779,779,779,-0.005350983201647591,0.005750032125501736,0.0007601291279539235,-0.001545288568705644,0.004151320691163905,0.00016463593809344944
SURFACE_DISTANCE,,芝,2400.0,延長400m+,1831,1831,1831,0.007359089859012874,0.013282567568167258,-0.01733361931650111,0.0025292338867860297,0.011412661293906265,-0.004468023036393271
SURFACE_DISTANCE,,芝,2400.0,短縮1-199,163,163,163,-0.005185598919454762,-0.008012044660969386,-0.028749152080453894,-0.0007302398478368262,-0.0028206550318315552,-0.0030363575307434027
SURFACE_DISTANCE,,芝,2400.0,短縮200-399,330,330,330,-0.009182624388872865,-0.05974087522411475,0.0008846088416505915,-0.0019239784433828862,-0.03129283940310773,0.00013900996083080725
SURFACE_DISTANCE,,芝,2500.0,同距離,117,117,117,0.0014703606252902124,0.021184097794666235,0.058281311802438576,0.00016501889032034039,0.005943739669007073,0.004905693151716053
SURFACE_DISTANCE,,芝,2500.0,延長1-199,230,230,230,-0.001539672819525842,-0.010674960911726816,-0.0002099553844807922,-0.0002672639611252405,-0.004632530206975788,-2.733381420598993e-05
SURFACE_DISTANCE,,芝,2500.0,延長200-399,161,161,161,-0.01334091505555069,-0.0004992635931723166,-0.010147843583238558,-0.001863676636827472,-0.00017436320715996306,-0.001063212245272066
SURFACE_DISTANCE,,芝,2500.0,延長400m+,253,253,253,0.011503805441343717,-0.008812006769070235,-0.0073245798904096465,0.0021052171983073856,-0.004031532934131591,-0.001005308523837418
SURFACE_DISTANCE,,芝,2500.0,短縮1-199,156,156,156,-0.011350152195222618,0.006224730657697131,-0.014368260847134093,-0.0015531787214515163,0.002129513119738492,-0.0014746372974690253
SURFACE_DISTANCE,,芝,2600.0,同距離,867,867,867,0.00551210401852073,-0.007158399341177124,-0.0054256876121884234,0.0016380442790256977,-0.005318193855013339,-0.0012092727917139751
SURFACE_DISTANCE,,芝,2600.0,延長1-199,116,116,116,0.007520615333797359,0.011334776017229098,0.005810044002972858,0.000838837864154321,0.00316065869711196,0.000486032527171768
SURFACE_DISTANCE,,芝,2600.0,延長200-399,489,489,489,-0.013246608416290787,-0.012725694359615347,0.025942615753907203,-0.0032839500712629633,-0.007887027302727383,0.0048235509899850265
SURFACE_DISTANCE,,芝,2600.0,延長400m+,1420,1420,1420,-0.0005172671334197354,0.007682282525614648,-0.007157415929032976,-0.00017081844871070335,0.00634234952696093,-0.0017727088289349116
SURFACE_DISTANCE,,芝,3000.0,延長400m+,287,287,287,0.00871080139372822,0.007323053150989245,0.008083623693379782,0.001703577512776831,0.0035804365491208063,0.0011856899488926732
GLOBAL,,,,同距離,108149,108149,108149,-0.0030661100071681276,0.025811840347576775,0.011119654588937697,-0.0012152075829012666,0.025575357738046898,0.0033053336012396533
GLOBAL,,,,延長1-199,12206,12206,12206,0.02489089183807349,-0.13417492306233303,-0.0005510989192180071,0.00920242997957065,-0.12401477441305747,-0.0001528103909126532
GLOBAL,,,,延長200-399,38386,38386,38386,0.00639151728371893,-0.03527604673045692,-0.010340313795173098,0.0024916953481220216,-0.03438039734411515,-0.00302333279851862
GLOBAL,,,,延長400m+,16948,16948,16948,0.0412414518164109,-0.19516560068081878,-0.02954415073512425,0.015577448749376688,-0.18429165368500763,-0.008369416090799294
GLOBAL,,,,短縮1-199,11292,11292,11292,0.01026029054554934,-0.11700946742321439,-0.0015633737950376259,0.0037702310719278606,-0.10749031127098413,-0.00043085625350386116
GLOBAL,,,,短縮200-399,36746,36746,36746,-0.018525890542807472,0.09192041858471856,0.001263448835214273,-0.007214034587887494,0.08948518257071128,0.00036899293354620633
GLOBAL,,,,短縮400m+,16175,16175,16175,-0.02173930320877934,0.08974037243347299,-0.020215661992943876,-0.008189420189857487,0.08451531435874386,-0.005711586598006414
