ブロック,方向,信頼度,条件,3枝パターン,出走数,勝率,市場期待勝率,勝A_E,勝z,複勝率,市場期待複勝率,複勝A_E,複勝z,単勝回収率,勝期待判定,複勝期待判定,総合強度
母母父ブロック,プラス,B,京都×2000×芝,極極極,902,0.09866962305986696,0.09281162456561982,1.0631170774314527,0.6595790012960694,0.30376940133037694,0.2751364110366933,1.1040683426297402,2.374953435429314,96.69623059866962,中立,強,2.374953435429314
母母父ブロック,プラス,C,東京×1600×芝,極極地,478,0.07531380753138076,0.06206881498890429,1.2133920640315785,1.2932466922637365,0.2301255230125523,0.19661771117239354,1.1704211265625977,2.240815030029965,46.38075313807531,中立,強,2.240815030029965
母母父ブロック,プラス,B,中山×1800×ダ,バ極極,698,0.08022922636103152,0.07411669305134921,1.0824717490491305,0.6690097562745584,0.24785100286532952,0.2235150471038751,1.1088783778845308,1.8582401103042865,112.17765042979941,中立,やや強,1.8582401103042865
母母父ブロック,プラス,B,新潟×1200×ダ,地極極,1206,0.08540630182421227,0.0728592428262184,1.172209571652024,1.790409472567791,0.22885572139303484,0.21680245331562806,1.0555956258477353,1.1982059674263643,89.17910447761194,やや強,中立,1.790409472567791
母母父ブロック,プラス,C,中山×1600×芝,バ極極,337,0.09792284866468842,0.08168583470095137,1.198773924795898,1.175642947623377,0.27299703264094954,0.23920366338763446,1.1412744636713705,1.7627079826906717,73.5311572700297,中立,やや強,1.7627079826906717
母母父ブロック,プラス,C,阪神×1400×ダ,バ極極,418,0.08851674641148326,0.07234715819349025,1.223499977355682,1.3650162422206373,0.24641148325358853,0.21676636241835504,1.1367607063406773,1.7336883830535708,79.33014354066985,中立,やや強,1.7336883830535708
母母父ブロック,プラス,B,函館×1000×ダ,極極極,716,0.10474860335195531,0.08849765920927677,1.1836313444658322,1.6446245821472605,0.26955307262569833,0.26503154673083607,1.0170603309328088,0.32810236324268377,55.61452513966481,やや強,中立,1.6446245821472605
母母父ブロック,プラス,B,中京×1900×ダ,地極極,530,0.08490566037735849,0.07344841320421772,1.1559903975227455,1.0867104120557103,0.24716981132075472,0.22286068819671503,1.1090776633633226,1.6114773863508098,52.509433962264154,中立,やや強,1.6114773863508098
母母父ブロック,プラス,B,函館×1700×ダ,極極極,1500,0.08733333333333333,0.07955014370734285,1.0978400448228487,1.1869458679976153,0.256,0.24089261551789723,1.0627141867741494,1.6043280488988443,93.00666666666666,中立,やや強,1.6043280488988443
母母父ブロック,プラス,B,京都×1200×ダ,極極極,1710,0.07134502923976609,0.06793172428664424,1.0502461109145276,0.6078983558695729,0.21403508771929824,0.2011844946280991,1.0638746694418684,1.6003541599449074,87.38596491228064,中立,やや強,1.6003541599449074
母母父ブロック,プラス,C,中山×1200×ダ,極地極,419,0.07159904534606205,0.058014896543200835,1.2341493239196897,1.274008614264525,0.2052505966587112,0.18031052961499036,1.138317307907499,1.555547513919621,157.7326968973747,中立,やや強,1.555547513919621
母母父ブロック,プラス,C,京都×1900×ダ,地極極,337,0.10089020771513353,0.08002460037573565,1.2607399129946115,1.5265718385939604,0.24629080118694363,0.23892236110856288,1.0308403116568592,0.38274903547997985,82.07715133531158,やや強,中立,1.5265718385939604
母母父ブロック,プラス,B,京都×1800×ダ,極極極,2961,0.08037825059101655,0.07368820961996435,1.0907884857775085,1.518503857947824,0.22492401215805471,0.22254208181638785,1.010703280576085,0.38054059688747477,91.40493076663287,やや強,中立,1.518503857947824
母母父ブロック,マイナス,A,中山×1600×芝,地極極,1184,0.05574324324324324,0.07216843744715855,0.7724047411177252,-2.344698246905839,0.19003378378378377,0.2181623810967069,0.8710657759989597,-2.8186443865879784,47.922297297297284,弱,弱,2.8186443865879784
母母父ブロック,マイナス,C,中山×1800×ダ,地地極,317,0.05362776025236593,0.07260216449155087,0.7386523615092344,-1.4383208825803435,0.167192429022082,0.21375141424734403,0.7821816272458159,-2.465589616504311,56.52996845425867,中立,弱,2.465589616504311
母母父ブロック,マイナス,C,新潟×1000×芝,地極極,486,0.03292181069958848,0.05489359931481704,0.5997386054206528,-2.225514450138638,0.16049382716049382,0.16871990680948307,0.9512441667107008,-0.5495550110547236,24.87654320987654,弱,中立,2.225514450138638
母母父ブロック,マイナス,B,京都×1200×ダ,地極極,782,0.061381074168797956,0.07033913930586239,0.8726446580742022,-1.058832548275851,0.18286445012787725,0.20945491595272,0.8730492158472661,-2.203733125088289,55.434782608695656,中立,弱,2.203733125088289
母母父ブロック,マイナス,B,小倉×1200×芝,極極地,574,0.05226480836236934,0.06087510650802895,0.858557978136367,-0.9196558141091398,0.15853658536585366,0.18695256286687215,0.8480043436406199,-2.042210403337945,60.00000000000001,中立,弱,2.042210403337945
母母父ブロック,マイナス,C,新潟×1200×ダ,極極地,431,0.058004640371229696,0.07793725362830689,0.7442479388337383,-1.6821066025410991,0.20185614849187936,0.22355351074925411,0.9029433168611192,-1.3362678904986807,56.61252900232019,やや弱,中立,1.6821066025410991
母母父ブロック,マイナス,B,東京×1600×ダ,バ極極,552,0.05434782608695652,0.07014936074489234,0.7747444240382996,-1.5866977676936629,0.19746376811594202,0.20864237616053574,0.9464221590536692,-0.788382760329264,47.73550724637681,やや弱,中立,1.5866977676936629
母母父ブロック,混合,A,中山×1200×ダ,極極地,1048,0.04389312977099236,0.06430298919739474,0.6825985901876349,-2.9115293426010393,0.19751908396946566,0.19517748620888953,1.0119972738970007,0.23006864972730232,31.57442748091603,弱,中立,2.9115293426010393
母母父ブロック,混合,C,東京×1400×ダ,極地極,357,0.0392156862745098,0.06064840364598332,0.6466070649347919,-1.8197570049500065,0.19327731092436976,0.1851145653994908,1.0440956415680371,0.4784510513909627,21.456582633053223,やや弱,中立,1.8197570049500065
母母父ブロック,混合,B,阪神×1800×ダ,極極地,681,0.05286343612334802,0.06918659485025079,0.7640705000407516,-1.8192062476547752,0.2276064610866373,0.21431356456515105,1.0620254557776496,1.0349187967150189,42.56975036710719,やや弱,中立,1.8192062476547752
母母父ブロック,混合,B,福島×1700×ダ,極極極,2477,0.07710940654016955,0.06986973812740412,1.103616653028873,1.5102392802997382,0.20508679854662898,0.20859569480257958,0.9831784818988162,-0.5073266596693905,123.6899475171578,やや強,中立,1.5102392802997382
母父ブロック,プラス,C,新潟×1800×ダ,極地地,389,0.08997429305912596,0.07608938811716154,1.1824814903306176,1.1118732556197972,0.27249357326478146,0.2247738675937731,1.2123009502032094,2.6889202768771328,127.45501285347045,中立,強,2.6889202768771328
母父ブロック,プラス,C,阪神×1200×ダ,地地地,344,0.09011627906976744,0.06125800620955124,1.4710938968777059,2.3779370831663473,0.23837209302325582,0.1910161619729967,1.2479158337238168,2.6663984941675656,107.15116279069773,強,強,2.6663984941675656
母父ブロック,プラス,C,新潟×1800×ダ,バ極極,426,0.107981220657277,0.07701091137450829,1.4021548210507262,2.578501475936328,0.24413145539906103,0.2263564375162001,1.0785266727021572,1.0511084462384537,92.62910798122064,強,中立,2.578501475936328
母父ブロック,プラス,B,東京×1400×ダ,極極極,2221,0.06393516434038721,0.06000248338791365,1.0655419697722999,0.8337985406624188,0.20036019810895994,0.18322430037017565,1.0935241542970224,2.4637216026185182,73.35884736605132,中立,やや強,2.4637216026185182
母父ブロック,プラス,C,京都×1800×ダ,極地地,445,0.11235955056179775,0.08317674767400081,1.3508528970401044,2.452662852995786,0.25842696629213485,0.24275245946216953,1.064569919763915,0.9601543892527511,94.24719101123597,強,中立,2.452662852995786
母父ブロック,プラス,B,中山×1800×ダ,極地地,756,0.08597883597883597,0.06593783769929683,1.3039377537815875,2.4062732870573464,0.2037037037037037,0.19930594665157997,1.022065357938425,0.36866512149993763,121.8783068783069,強,中立,2.4062732870573464
母父ブロック,プラス,C,小倉×2860×芝,極極地,331,0.09063444108761329,0.08338635874031208,1.086921679478459,0.5115805431592553,0.3081570996978852,0.25960276222519507,1.1870332081850932,2.38471316930247,106.34441087613295,中立,強,2.38471316930247
母父ブロック,プラス,B,阪神×1600×芝,極極地,1238,0.08966074313408724,0.07467247110035324,1.2007201825903293,2.163875365051204,0.23182552504038773,0.22292419524722573,1.0399298505184253,0.919423166903411,83.78029079159937,強,中立,2.163875365051204
母父ブロック,プラス,B,函館×1200×芝,極極極,762,0.09317585301837271,0.07421508902921015,1.2554839485768161,2.1304786780045433,0.24146981627296588,0.22345936575896908,1.0805983246789643,1.4090105205157768,96.18110236220474,強,中立,2.1304786780045433
母父ブロック,プラス,C,東京×2100×ダ,地極極,458,0.10043668122270742,0.07579639995292729,1.3250851133442059,2.1208360931018824,0.2576419213973799,0.2303518138075229,1.1184714248122225,1.6388434177814117,185.93886462882088,強,やや強,2.1208360931018824
母父ブロック,プラス,C,小倉×1000×ダ,地極極,349,0.12034383954154727,0.09068397641580848,1.3270684005930768,2.077986575262915,0.27793696275071633,0.26019527076856114,1.0681860662945566,0.9045904878490588,147.44985673352434,強,中立,2.077986575262915
母父ブロック,プラス,C,中山×1600×芝,バ極極,347,0.09510086455331412,0.06998053481879114,1.3589616712643025,1.9576281916151728,0.2334293948126801,0.21140520593304782,1.1041799741043623,1.2001880198287995,92.5936599423631,やや強,中立,1.9576281916151728
母父ブロック,プラス,C,中京×2200×芝,極極極,422,0.07582938388625593,0.07208845658693672,1.0518935690460753,0.3238299862065453,0.25118483412322273,0.2190827471660599,1.1465295071036796,1.931345474361799,96.63507109004739,中立,やや強,1.931345474361799
母父ブロック,プラス,C,東京×1600×芝,地地地,367,0.08991825613079019,0.0678467733517139,1.3253136691506162,1.8562677728732382,0.21525885558583105,0.20415124773112622,1.0544087189187006,0.6569648607187895,60.245231607629435,やや強,中立,1.8562677728732382
母父ブロック,プラス,B,新潟×1600×芝,極極極,577,0.07625649913344887,0.05946007384704738,1.2824824155046952,1.839447677116179,0.1854419410745234,0.18170589903325807,1.0205609287378254,0.2781260130903333,112.68630849220102,やや強,中立,1.839447677116179
母父ブロック,プラス,C,新潟×1000×芝,地極極,300,0.08,0.05734976149745349,1.3949491316289477,1.7742260258605922,0.18333333333333332,0.1731193087457129,1.0589999155011838,0.5299584618289845,88.16666666666667,やや強,中立,1.7742260258605922
母父ブロック,プラス,B,東京×2000×芝,極極地,747,0.08835341365461848,0.0825047189017171,1.0708892149534937,0.6372585699918947,0.27041499330655955,0.24934829214666784,1.0844870481306534,1.681876830322507,61.432396251673374,中立,やや強,1.681876830322507
母父ブロック,プラス,B,新潟×2000×芝,極極地,578,0.09342560553633218,0.07690972244732967,1.2147437614316334,1.5988437412094834,0.23356401384083045,0.22713587360124612,1.0283008585903493,0.44733188412627595,93.87543252595157,やや強,中立,1.5988437412094834
母父ブロック,プラス,B,新潟×1000×芝,極極地,618,0.06634304207119741,0.052794448042485564,1.2566291443715598,1.5823895698545523,0.1715210355987055,0.16093554569968754,1.065774716536339,0.8177534551993554,83.13915857605176,やや強,中立,1.5823895698545523
母父ブロック,プラス,C,中京×1400×ダ,極地地,343,0.09912536443148688,0.07803132503506924,1.2703278380437275,1.5672133566777797,0.2303206997084548,0.22910577634911777,1.0053028927454264,0.06402393388472058,91.54518950437318,やや強,中立,1.5672133566777797
母父ブロック,プラス,B,京都×2000×芝,極極地,559,0.08765652951699464,0.08734901137016694,1.0035205681438626,0.0280145201939831,0.2844364937388193,0.2612104166069757,1.0889171168345488,1.5561189185135575,77.22719141323792,中立,やや強,1.5561189185135575
母父ブロック,プラス,B,小倉×1700×ダ,極極地,1745,0.07106017191977078,0.06476335352076833,1.0972281090568168,1.1334267544375907,0.20916905444126074,0.1965142612971835,1.0643963092578799,1.547930149840065,85.81088825214898,中立,やや強,1.547930149840065
母父ブロック,プラス,B,中京×1600×芝,極極地,1064,0.08458646616541353,0.07505672276000944,1.1269672196569924,1.2631801833886147,0.24342105263157895,0.22723095416836953,1.0712495290197706,1.5079761898213484,93.12969924812026,中立,やや強,1.5079761898213484
母父ブロック,マイナス,C,阪神×1200×ダ,バ極極,368,0.03804347826086957,0.07479453828568303,0.5086397901884201,-2.895132180552932,0.1766304347826087,0.221791759567189,0.7963796090859758,-2.5470637264097404,31.168478260869563,弱,弱,2.895132180552932
母父ブロック,マイナス,B,新潟×1000×芝,極極極,537,0.054003724394785846,0.06751667070541684,0.799857632649134,-1.3185132060747617,0.1601489757914339,0.19909027692027728,0.8044038024798326,-2.614519116334098,34.15270018621974,中立,弱,2.614519116334098
母父ブロック,マイナス,B,小倉×2000×芝,極極極,772,0.046632124352331605,0.06618787377697032,0.7045418094176185,-2.3342604134754916,0.19170984455958548,0.20149845780638595,0.9514209024060817,-0.800114726083187,46.0880829015544,弱,中立,2.3342604134754916
母父ブロック,マイナス,B,中山×1200×ダ,極地極,535,0.05420560747663551,0.058414892410549535,0.9279415785904308,-0.44484352036117325,0.14953271028037382,0.17845192664138398,0.8379439387105858,-2.0874757463857,54.990654205607484,中立,弱,2.0874757463857
母父ブロック,マイナス,B,新潟×1800×ダ,極極地,1839,0.059271343121261554,0.07079153724660336,0.8372659420403453,-2.054990177662719,0.20663404023926046,0.21482288222446533,0.9618809602570714,-1.0128327910993358,57.30831973898861,弱,中立,2.054990177662719
母父ブロック,マイナス,B,東京×2100×ダ,極極極,880,0.06136363636363636,0.06992532333377025,0.8775595655201063,-1.0779789455798836,0.18409090909090908,0.2063841878315411,0.8919816533676084,-1.9730618775432789,77.57954545454545,中立,やや弱,1.9730618775432789
母父ブロック,マイナス,C,東京×2000×芝,地極極,354,0.07627118644067797,0.08088758374809665,0.9429282333145806,-0.34676353373395946,0.211864406779661,0.24760085378837096,0.8556691285109439,-1.9526297507674009,67.25988700564972,中立,やや弱,1.9526297507674009
母父ブロック,マイナス,B,京都×1800×ダ,地極極,720,0.059722222222222225,0.07666995001309154,0.7789521476409538,-1.849808775692298,0.225,0.23421005823270893,0.9606760772692439,-0.7120592735715953,53.93055555555555,やや弱,中立,1.849808775692298
母父ブロック,マイナス,B,中山×1800×ダ,極極地,3453,0.06168549087749783,0.06887627651428685,0.8955985137306682,-1.8110146171833703,0.19837822183608456,0.20837859329432976,0.95200864301776,-1.7530836129178187,66.92441355343178,やや弱,中立,1.8110146171833703
母父ブロック,マイナス,B,中山×1600×芝,地極極,604,0.052980132450331126,0.062363827744471405,0.8495330444983447,-1.0248363866387398,0.17052980132450332,0.19299696011733522,0.8835880172455945,-1.6803172689794932,29.35430463576159,中立,やや弱,1.6803172689794932
母父ブロック,マイナス,C,函館×1000×ダ,極極極,313,0.0670926517571885,0.08846945315968992,0.7583708202206735,-1.432813843566558,0.23003194888178913,0.2643171521041453,0.8702876338163359,-1.6611653839618732,74.31309904153353,中立,やや弱,1.6611653839618732
母父ブロック,マイナス,B,東京×1400×ダ,極極地,2423,0.062319438712340074,0.06585926806317932,0.9462516141624371,-0.7614549101144195,0.18365662401981014,0.1944868663832886,0.9443137597675385,-1.6407632994102217,54.927775484936014,中立,やや弱,1.6407632994102217
母父ブロック,マイナス,C,中山×2000×芝,地極極,454,0.05066079295154185,0.06759060344155707,0.7495241996965782,-1.5568426877829185,0.20044052863436124,0.20316947238148575,0.9865681407982374,-0.17677645933011635,33.370044052863435,やや弱,中立,1.5568426877829185
母父ブロック,マイナス,B,中京×1600×芝,極極極,744,0.05913978494623656,0.06960722023690688,0.8496214149186736,-1.199469042350892,0.19489247311827956,0.21412309496380574,0.9101889413247234,-1.537132512642094,52.66129032258065,中立,やや弱,1.537132512642094
母父ブロック,マイナス,B,新潟×1800×ダ,地極極,797,0.06148055207026349,0.07211425062760919,0.8525437279760826,-1.2476253832421533,0.19698870765370138,0.2157912353903197,0.9128670462328621,-1.531270369853109,63.93977415307403,中立,やや弱,1.531270369853109
母父ブロック,マイナス,B,東京×1600×ダ,地極極,1217,0.06820049301561217,0.06886025464084329,0.990418832624534,-0.09905768044364703,0.19063270336894,0.20489786642640245,0.9303791527639632,-1.5096941468332081,71.33114215283483,中立,やや弱,1.5096941468332081
母父ブロック,混合,C,東京×1600×ダ,地地極,363,0.06336088154269973,0.06279964817091609,1.0089368871980966,0.047794133043483455,0.15426997245179064,0.1933917920124903,0.7977069287502493,-2.2533791993015586,61.01928374655646,中立,弱,2.2533791993015586
母父ブロック,混合,C,中山×1800×ダ,地極地,338,0.10059171597633136,0.07230764321123888,1.3911629740505254,2.2041193830421166,0.19230769230769232,0.21016202089014546,0.9150449329197027,-0.9836176877005368,75.76923076923076,強,中立,2.2041193830421166
母父ブロック,混合,B,中山×1800×ダ,地地地,831,0.06377858002406739,0.06508957130877364,0.9798586584863627,-0.16516965260721228,0.2226233453670277,0.20026953579149814,1.1116186218097706,1.9438410420438585,43.40553549939831,中立,やや強,1.9438410420438585
母父ブロック,混合,C,中京×2200×芝,極極地,443,0.09480812641083522,0.08707649415157491,1.0887912672023954,0.6230811801114559,0.23024830699774265,0.26068978768999257,0.8832271836883371,-1.7929906860799214,64.35665914221218,中立,やや弱,1.7929906860799214
母父ブロック,混合,B,小倉×1200×芝,地地地,532,0.07518796992481203,0.07267394217763495,1.0345932485818934,0.2425279875772705,0.18421052631578946,0.20967118638565185,0.8785686268640072,-1.7410790196038781,76.05263157894736,中立,やや弱,1.7410790196038781
母父ブロック,混合,C,福島×1200×芝,地地地,379,0.047493403693931395,0.06708402030266403,0.7079689541511475,-1.60872357819132,0.23482849604221637,0.20837830101975763,1.1269335381516083,1.4742357160492368,51.688654353562,やや弱,中立,1.60872357819132
母父ブロック,混合,B,京都×1200×ダ,極極地,973,0.06372045220966084,0.07018462639731696,0.9078975764427062,-0.8541693156117545,0.2250770811921891,0.20812669455145943,1.0814426360696305,1.568681017430146,58.07810894141829,中立,やや強,1.568681017430146
父ブロック,プラス,B,阪神×1800×ダ,地地極,736,0.09782608695652174,0.07502549051761631,1.303904663356406,2.5504220425887545,0.24456521739130435,0.2280072929147992,1.0726201529119177,1.305472460684052,109.7961956521739,強,中立,2.5504220425887545
父ブロック,プラス,B,阪神×1400×芝,地バ極,681,0.08076358296622614,0.07539974935996988,1.0711386132153902,0.5654509978086792,0.26138032305433184,0.22920596944850508,1.1403731049555204,2.3520548151403275,55.13950073421439,中立,強,2.3520548151403275
父ブロック,プラス,B,中山×1800×ダ,地地極,1041,0.08357348703170028,0.06763358738918972,1.2356802331182914,2.2633473270563735,0.2084534101825168,0.1989190487234273,1.0479308619273857,0.952339661484538,110.24015369836695,強,中立,2.2633473270563735
父ブロック,プラス,C,東京×1400×ダ,極極極,365,0.07671232876712329,0.05296204615384708,1.4484396721434265,2.191761358182267,0.1726027397260274,0.15867620439160518,1.0877670056945161,0.886094427318812,112.30136986301366,強,中立,2.191761358182267
父ブロック,プラス,C,札幌×1500×芝,地バ極,421,0.0997624703087886,0.07501634812649188,1.3298763909510767,2.043707350434957,0.25415676959619954,0.23429979759674752,1.0847502738078663,1.1276458375918734,115.79572446555817,強,中立,2.043707350434957
父ブロック,プラス,B,京都×2000×芝,地バ極,630,0.10634920634920635,0.08610087528223766,1.2351698632632353,1.9579351621455263,0.2619047619047619,0.26087245982619667,1.0039571140596941,0.07225533948198311,73.20634920634919,やや強,中立,1.9579351621455263
父ブロック,プラス,B,新潟×2000×芝,地地地,635,0.10236220472440945,0.08249395045534975,1.2408449851097079,1.9493593739306814,0.2440944881889764,0.24342425477333968,1.002753355109419,0.04752872339252498,130.9448818897638,やや強,中立,1.9493593739306814
父ブロック,プラス,B,新潟×1200×ダ,地極極,780,0.0782051282051282,0.07273275645366724,1.0752394384357893,0.6312471770449843,0.23974358974358975,0.21547652972994452,1.112620432694266,1.9416136024155328,94.96153846153844,中立,やや強,1.9416136024155328
父ブロック,プラス,C,阪神×1800×ダ,地地バ,315,0.09523809523809523,0.06977137712140616,1.3650023715652844,1.9371172182596854,0.23809523809523808,0.21271423995571442,1.1193196945573922,1.365793047847254,87.74603174603173,やや強,中立,1.9371172182596854
父ブロック,プラス,B,阪神×1400×ダ,地バ極,1589,0.08244178728760226,0.07089532352344115,1.1628663667829,1.9285658991219066,0.2183763373190686,0.2116539397594699,1.031761268262893,0.7857796390290862,80.60415355569542,やや強,中立,1.9285658991219066
父ブロック,プラス,B,中山×1600×芝,地バ極,1483,0.07417397167902899,0.06636528104403953,1.1176622853417537,1.297611317781729,0.22049898853674982,0.203933160735167,1.0812316532625885,1.8886279379020214,83.58057990559672,中立,やや強,1.8886279379020214
父ブロック,プラス,B,中山×1200×ダ,地極極,1778,0.08267716535433071,0.07314067148804992,1.13038564826191,1.6636996380281182,0.23340832395950506,0.21801242619579903,1.0706193588703004,1.8825035145395144,86.85039370078742,やや強,やや強,1.8825035145395144
父ブロック,プラス,B,東京×1400×ダ,地極極,1164,0.06529209621993128,0.06006003105062256,1.0871139271456383,0.8027723344581972,0.2027491408934708,0.1853116724461812,1.094098057705209,1.8085747332851314,56.056701030927854,中立,やや強,1.8085747332851314
父ブロック,プラス,B,新潟×1800×芝,地地地,847,0.09090909090909091,0.07987704368006873,1.1381128634806366,1.2932205728716484,0.2538370720188902,0.23274102897009943,1.0906417022479564,1.7608609439355036,75.34828807556083,中立,やや強,1.7608609439355036
父ブロック,プラス,B,中京×1400×ダ,地地極,537,0.0633147113594041,0.05895656362340253,1.0739213323870123,0.4580931955147385,0.2048417132216015,0.1800737259122615,1.1375435932358497,1.753821883842296,41.396648044692746,中立,やや強,1.753821883842296
父ブロック,プラス,B,東京×1400×ダ,地地極,960,0.07395833333333333,0.06561964968596908,1.127076015907888,1.1350104494806328,0.21145833333333333,0.19330821477153556,1.0938921223976372,1.7452838724147741,67.46875,中立,やや強,1.7452838724147741
父ブロック,プラス,C,中山×1800×ダ,バ極地,317,0.08832807570977919,0.07707533094996392,1.1459967102459847,0.8097071240281303,0.26498422712933756,0.23079386038517444,1.148142444894775,1.7266138361651642,85.96214511041009,中立,やや強,1.7266138361651642
父ブロック,プラス,B,京都×1800×ダ,地バ極,1487,0.0847343644922663,0.0791060898976167,1.0711484362573604,0.8680852445342379,0.25756556825823806,0.2428963695998767,1.0603928279476798,1.6086648902142686,87.91526563550774,中立,やや強,1.6086648902142686
父ブロック,プラス,C,中山×1200×ダ,バ極地,306,0.0718954248366013,0.0661088725637427,1.0875306452591393,0.4404090933512592,0.22875816993464052,0.19845189930268742,1.1527134320127048,1.5911497258870517,56.66666666666668,中立,やや強,1.5911497258870517
父ブロック,プラス,B,福島×1800×芝,地バ極,735,0.08843537414965986,0.07411074907030638,1.1932867399000946,1.5836782081270135,0.24353741496598638,0.224751259954424,1.083586428015451,1.4448693586983845,126.24489795918366,やや強,中立,1.5836782081270135
父ブロック,プラス,B,東京×1600×芝,地バ極,1542,0.07328145265888457,0.06751794143127365,1.0853626622114594,0.9748680364580969,0.2243839169909209,0.2110676584352966,1.0630899999286552,1.550626866398266,80.473411154345,中立,やや強,1.550626866398266
父ブロック,プラス,C,東京×1600×ダ,極地極,355,0.059154929577464786,0.04745137181185854,1.2466431910969837,1.1214144032999287,0.17464788732394365,0.15011736435905462,1.1634089638438916,1.5452368319376446,118.64788732394366,中立,やや強,1.5452368319376446
父ブロック,プラス,C,中京×1400×ダ,極極地,449,0.0779510022271715,0.06595049329022584,1.181962383270364,1.0948280743782237,0.22048997772828507,0.19673851754206725,1.1207260300776598,1.503010426744792,118.86414253897549,中立,やや強,1.503010426744792
父ブロック,マイナス,C,札幌×1700×ダ,地極極,349,0.02865329512893983,0.06783533242634322,0.4223948509436741,-3.0654329969551934,0.166189111747851,0.21162490622573424,0.7853003444244027,-2.4047869364689847,42.26361031518625,弱,弱,3.0654329969551934
父ブロック,マイナス,C,東京×2400×芝,極極地,447,0.0894854586129754,0.09811295188680039,0.912065704803387,-0.669708220433218,0.2371364653243848,0.285750666041993,0.8298719600868261,-2.8113514137626385,65.10067114093958,中立,弱,2.8113514137626385
父ブロック,マイナス,B,新潟×2000×芝,地バ極,520,0.04423076923076923,0.07405319597583748,0.5972837316191068,-2.773941595527303,0.19038461538461537,0.2248033654172541,0.8468939734565157,-2.2412613439926146,41.76923076923077,弱,弱,2.773941595527303
父ブロック,マイナス,A,阪神×1800×ダ,地地地,2181,0.06373223292067859,0.07701788174217783,0.8274991661550265,-2.555335154318875,0.21595598349381018,0.22951268760373533,0.9409326593162838,-1.8648155077571096,43.906464924346615,弱,やや弱,2.555335154318875
父ブロック,マイナス,C,中京×1600×芝,極極地,460,0.0782608695652174,0.08936705588725867,0.8757239319145489,-0.9021393439477489,0.21956521739130436,0.25979472962899564,0.845148851575466,-2.400003496709322,54.02173913043479,中立,弱,2.400003496709322
父ブロック,マイナス,C,中山×1600×芝,地極地,307,0.026058631921824105,0.055421519795555735,0.4701897749818429,-2.395159461079472,0.16286644951140064,0.17454387402332644,0.9330974829264693,-0.6373504959441231,32.37785016286645,弱,中立,2.395159461079472
父ブロック,マイナス,B,福島×1800×芝,地地地,761,0.06044678055190539,0.07307450475498942,0.8271938448926426,-1.433102981494723,0.18659658344283836,0.21622979788862867,0.862954991702609,-2.357583437845739,38.699080157687256,中立,弱,2.357583437845739
父ブロック,マイナス,B,阪神×1200×ダ,地地地,1228,0.05863192182410423,0.07010335969386308,0.8363639357677878,-1.6971625726486261,0.18729641693811075,0.20974946369091443,0.8929530194847584,-2.319995635904857,44.13680781758957,やや弱,弱,2.319995635904857
父ブロック,マイナス,B,中京×1800×ダ,地地地,1535,0.06384364820846905,0.0774842053601187,0.8239569330516685,-2.185930423871479,0.21498371335504887,0.23157217495978327,0.9283659118043206,-1.88310151207082,50.00651465798046,弱,やや弱,2.185930423871479
父ブロック,マイナス,B,函館×1800×芝,地地地,509,0.08447937131630648,0.08645078769487922,0.9771960854130018,-0.17142668590087062,0.2220039292730845,0.2568907208151413,0.8641959840691896,-2.1835927121275267,68.76227897838903,中立,弱,2.1835927121275267
父ブロック,マイナス,B,東京×1400×ダ,地地地,1854,0.06526429341963323,0.06577311460644178,0.9922639943409535,-0.09565731473558702,0.17853290183387271,0.1950653169230808,0.9152467729784723,-2.1809253210929147,85.12944983818767,中立,やや弱,2.1809253210929147
父ブロック,マイナス,B,中京×1900×ダ,地地地,537,0.0595903165735568,0.0721983643573209,0.8253693432531946,-1.2174216855551518,0.18808193668528864,0.21938418991334008,0.857317643352439,-2.110202431327794,56.834264432029805,中立,弱,2.110202431327794
父ブロック,マイナス,C,東京×2100×ダ,極極地,405,0.04938271604938271,0.07377499928831223,0.669369251450554,-2.032341826722385,0.19506172839506172,0.21298897847385098,0.9158301513663054,-1.0692761079820932,29.60493827160494,弱,中立,2.032341826722385
父ブロック,マイナス,C,中京×1800×ダ,地極地,344,0.0436046511627907,0.06862037981137663,0.6354475344300186,-1.989370424593327,0.19476744186046513,0.20870807564388677,0.9332051060294945,-0.7796300119417849,19.854651162790702,やや弱,中立,1.989370424593327
父ブロック,マイナス,B,阪神×1400×ダ,地極極,724,0.05939226519337017,0.07735277629215509,0.7678103882018461,-1.9465725146516013,0.21408839779005526,0.22733543304943996,0.9417291221096018,-1.0283793224979674,39.861878453038685,やや弱,中立,1.9465725146516013
父ブロック,マイナス,C,東京×2000×芝,極極地,495,0.08282828282828283,0.10660519573531728,0.7769629074546375,-1.8643980125255757,0.29292929292929293,0.31635378134038444,0.9259547702833124,-1.4106052938907743,52.020202020202035,やや弱,中立,1.8643980125255757
父ブロック,マイナス,B,小倉×1200×芝,地極極,687,0.043668122270742356,0.05877213829463746,0.7430072060986551,-1.7864140150512455,0.1717612809315866,0.1793387132378315,0.9577479275420249,-0.6032973929373653,42.73653566229986,やや弱,中立,1.7864140150512455
父ブロック,マイナス,B,中山×1200×ダ,地地地,2773,0.05373241976199063,0.06057161797310379,0.8870890618416359,-1.6246311424688764,0.17345834835917778,0.18437471672513128,0.9407924873873689,-1.778688452858157,68.33754056978003,やや弱,やや弱,1.778688452858157
父ブロック,マイナス,C,中山×1200×ダ,極地極,342,0.03508771929824561,0.04394598924183568,0.7984282503041898,-0.8453373230890395,0.1111111111111111,0.13951103494922637,0.7964324194967722,-1.769429382480551,34.91228070175439,中立,やや弱,1.769429382480551
父ブロック,マイナス,B,東京×1400×ダ,極極地,541,0.04066543438077634,0.05716288098819415,0.7113958162671152,-1.7363776709043235,0.1589648798521257,0.17934468352153654,0.8863651641674478,-1.4291927688135555,32.62476894639556,やや弱,中立,1.7363776709043235
父ブロック,マイナス,B,京都×1800×ダ,地地地,1305,0.06973180076628352,0.07584968744386451,0.9193419658833958,-0.9172271468334543,0.2099616858237548,0.22566504425723133,0.930412977848813,-1.6738501978287945,72.75095785440615,中立,やや弱,1.6738501978287945
父ブロック,マイナス,C,小倉×1000×ダ,地バ極,473,0.0613107822410148,0.07994870506702678,0.7668764889889528,-1.603505151678021,0.21141649048625794,0.23696640973665084,0.8921791519785972,-1.560004349149433,88.8583509513742,やや弱,やや弱,1.603505151678021
父ブロック,マイナス,B,新潟×1600×芝,地地地,801,0.06367041198501873,0.07739390328925039,0.8226799434970767,-1.5898582349811856,0.20724094881398253,0.22610981396966212,0.9165499947816891,-1.5557730863967973,60.47440699126092,やや弱,やや弱,1.5898582349811856
父ブロック,マイナス,C,東京×1400×ダ,バ極極,371,0.05121293800539083,0.06998996496812014,0.7317182974547553,-1.5225012924436325,0.20485175202156333,0.2097003301706292,0.9768785383164602,-0.274552533795843,40.646900269541774,やや弱,中立,1.5225012924436325
父ブロック,混合,A,阪神×1800×ダ,極極地,934,0.08244111349036402,0.07772841492812019,1.0606303186113075,0.5784452366088193,0.20877944325481798,0.2382753933210693,0.8762106751555904,-2.5372427336099577,76.82012847965738,中立,弱,2.5372427336099577
父ブロック,混合,B,東京×1600×ダ,極極地,774,0.06589147286821706,0.0620455470732551,1.06198552476975,0.4851542448015647,0.15633074935400518,0.18387986035289203,0.8501787474385931,-2.408717274361774,62.76485788113696,中立,弱,2.408717274361774
父ブロック,混合,B,新潟×1800×芝,地バ極,738,0.08401084010840108,0.0763542532537777,1.1002771493183918,0.8435813542106128,0.2032520325203252,0.233196154117558,0.8715925581596964,-2.324108038771686,84.03794037940384,中立,弱,2.324108038771686
父ブロック,混合,B,京都×2000×芝,地地地,644,0.06987577639751552,0.08978506005077448,0.7782561637537467,-1.918828973693166,0.2748447204968944,0.26776826727626873,1.0264275274012382,0.5015677800319881,93.2919254658385,やや弱,中立,1.918828973693166
父ブロック,混合,C,福島×1200×芝,極極地,468,0.053418803418803416,0.06359240260072788,0.8400186379841542,-0.9538953052225718,0.2222222222222222,0.1924915681983851,1.154451721195373,1.878687124554891,38.24786324786324,中立,やや強,1.878687124554891
父ブロック,混合,B,東京×1600×ダ,地バ極,2563,0.07335154116269996,0.07900527209846092,0.9284385613062005,-1.1565457768910847,0.24541552867733124,0.23310459549948903,1.0528129149554635,1.8034284063787558,54.29184549356222,中立,やや強,1.8034284063787558
父ブロック,混合,B,東京×2000×芝,地地地,828,0.09057971014492754,0.08838162552248974,1.024870380120792,0.24627827308778086,0.2391304347826087,0.2606836777554208,0.917320320326945,-1.7931737915482497,58.22463768115941,中立,やや弱,1.7931737915482497
父ブロック,混合,B,中山×1800×ダ,地バ極,2838,0.07399577167019028,0.07388129618341832,1.001549451521367,0.025301690701863618,0.20965468639887244,0.22112225094156718,0.9481392555753012,-1.785792182724572,81.99788583509519,中立,やや弱,1.785792182724572
父ブロック,混合,C,中京×2000×芝,地極地,419,0.045346062052505964,0.06469748568120642,0.7008937298730029,-1.7316971622381958,0.23389021479713604,0.2073115063885323,1.1282066242806192,1.6198965593661336,68.23389021479714,やや弱,やや強,1.7316971622381958
父ブロック,混合,C,東京×1300×ダ,地バ極,477,0.050314465408805034,0.06765175414965023,0.7437274323664402,-1.611082476132925,0.20754716981132076,0.2036858085441989,1.0189574388845257,0.25133148166325703,33.752620545073384,やや弱,中立,1.611082476132925
父ブロック,混合,C,東京×2000×芝,地極地,328,0.036585365853658534,0.05263389135553101,0.6950914118534763,-1.3712963714165054,0.21646341463414634,0.1889510165082234,1.1456059810333201,1.5252402282207478,36.859756097560975,中立,やや強,1.5252402282207478
父ブロック,混合,B,中山×2000×芝,地バ極,1119,0.07864164432529044,0.0702914251651443,1.1187942788260152,1.176757861669933,0.19839142091152814,0.21357774049269085,0.9288955883411343,-1.5129675378402898,80.6255585344057,中立,やや弱,1.5129675378402898
