検証軸,条件,ブロック,3枝パターン,出走数,勝率,市場期待勝率,勝A_E,勝z,複勝率,市場期待複勝率,複勝A_E,複勝z,単勝回収率,勝期待判定,複勝期待判定
クッション値階層,低,父ブロック,極地バ,1128,0.0726950354609929,0.0905030538438548,0.8032329559443804,-2.2706387359256635,0.2225177304964539,0.25932653723817617,0.858060007534379,-3.420206455189283,50.77127659574469,弱,弱
クッション値階層,低,父ブロック,極極地,3416,0.06850117096018736,0.08050159918643479,0.8509293188268786,-2.7601020503758087,0.22540983606557377,0.23933775036158098,0.9418064460162866,-2.2580263477422515,60.25761124121776,弱,やや弱
クッション値階層,低,父ブロック,地バ極,6023,0.0881620454922796,0.07958473793081386,1.1077757844591047,2.6360371997959,0.251203719076872,0.23877282729359997,1.0520615847463528,2.699065182074225,87.82334384858042,強,やや強
クッション値階層,やや高,母父ブロック,極極地,6497,0.08157611205171618,0.07351227471105024,1.1096937534903106,2.680397138270188,0.22902878251500694,0.22154112977718504,1.033798025429195,1.758975853076748,75.34708326920118,強,中立
クッション値階層,やや高,父ブロック,極地地,614,0.11563517915309446,0.08810240297395082,1.3125087994170177,2.5964336152038943,0.28175895765472314,0.2614670008941992,1.077608098502399,1.3914983530396479,106.042345276873,強,中立
クッション値階層,標準,父ブロック,地地極,936,0.06837606837606838,0.05990242189143061,1.1414574939890698,1.1772344200924176,0.20833333333333334,0.18354077352891213,1.135079303240028,2.343811583630286,72.55341880341882,中立,強
クッション値階層,低,父ブロック,地地極,1198,0.07262103505843072,0.07255169875669118,1.0009556812993734,0.009941188785554108,0.19616026711185308,0.21898494033296936,0.895770580449911,-2.2878825768354605,71.4607679465776,中立,弱
クッション値階層,やや高,母父ブロック,地地極,961,0.07075962539021852,0.0829458994667628,0.8530816573828652,-1.484810955128026,0.21748178980228927,0.24340709853671802,0.8934899233001707,-2.2868137281807397,42.185223725286164,中立,弱
クッション値階層,高,母父ブロック,極極バ,577,0.10918544194107452,0.08535483791200837,1.279194532050227,2.2526078900835,0.2582322357019064,0.24232937776650237,1.0656249691307642,1.1054195182241875,68.71750433275562,強,中立
クッション値階層,低,母父ブロック,地地地,1621,0.08019740900678593,0.08152818769164209,0.9836770726476901,-0.21088264567582357,0.26095003084515733,0.24162425374846205,1.079982769928444,2.197027848048332,69.77174583590376,中立,やや強
クッション値階層,低,母母父ブロック,バ極極,1452,0.09917355371900827,0.08434227780742805,1.1758462813328718,2.1721663504213606,0.2534435261707989,0.25354460359496606,0.9996013426326809,-0.01053616725576387,78.37465564738297,強,中立
クッション値階層,やや低,父ブロック,極地バ,1418,0.09379407616361073,0.09275671922315211,1.0111836312144995,0.1458587133185761,0.25176304654442877,0.2712442825122013,0.9281782613541496,-2.0061306116782074,86.09308885754582,中立,やや弱
クッション値階層,低,母母父ブロック,地バ極,816,0.08088235294117647,0.08457136747999389,0.9563798641462186,-0.40629468082073006,0.22426470588235295,0.24934243636159897,0.8994245390187893,-1.979405079720614,73.68872549019608,中立,やや弱
クッション値階層,標準,母父ブロック,バ極極,1323,0.07558578987150416,0.07174347174990871,1.0535563449590148,0.5869740812794574,0.23204837490551777,0.21436109958473928,1.0825115907459062,1.9151802772166102,55.27588813303096,中立,やや強
クッション値階層,低,母父ブロック,地極地,894,0.09395973154362416,0.09384116901611106,1.0012634383049166,0.013010062924473072,0.2539149888143177,0.278035918543514,0.9132452747272605,-1.9137720663602222,86.05145413870244,中立,やや弱
クッション値階層,高,父ブロック,地バ極,5279,0.08297025951884826,0.07777924023008688,1.0667404216524268,1.5151985924434663,0.24247016480394015,0.23332870589336793,1.0391784580280057,1.8884718922115606,77.81966281492706,やや強,中立
クッション値階層,標準,母母父ブロック,地バ極,782,0.07033248081841433,0.08792017554578258,0.7999583756721478,-1.876915199431111,0.2391304347826087,0.26058849839356174,0.9176553695069636,-1.6759020421313064,50.358056265984665,やや弱,やや弱
クッション値階層,低,母父ブロック,極地極,1154,0.07712305025996534,0.06475695911640515,1.1909615786827061,1.819563939535083,0.20363951473136915,0.20037626943162878,1.016285587654649,0.325151468755912,91.4991334488735,やや強,中立
クッション値階層,高,母父ブロック,地地地,1516,0.06728232189973615,0.07863071818896565,0.8556747725239264,-1.7821254944468594,0.23812664907651715,0.22940015685749307,1.0380404806106787,0.9905459764987816,56.6622691292876,やや弱,中立
クッション値階層,標準,父ブロック,極極地,2694,0.08129175946547884,0.09009795463945715,0.9022597659489846,-1.7323026283812015,0.25129918337045287,0.26334641587474505,0.9542532885276775,-1.7292792216509132,70.42687453600594,やや弱,中立
クッション値階層,やや高,父ブロック,地地地,7241,0.0849330203010634,0.07984213299427803,1.0637619151175508,1.7275845386495698,0.23850296920314873,0.2365515588497297,1.0082494081328741,0.4748469467421554,89.88951802237267,やや強,中立
クッション値階層,やや高,父ブロック,地極地,1773,0.06034968979131416,0.06355900198009903,0.9495065673027756,-0.5903240731622049,0.212633953750705,0.198833715137631,1.0694059284841184,1.7247248552899512,76.89227298364355,中立,やや強
クッション値階層,高,父ブロック,地極地,1653,0.05384150030248034,0.06340505914887865,0.8491672592885289,-1.7091302683668714,0.1984271022383545,0.1957511276056653,1.013670289747091,0.32884752771560605,63.04295220810644,やや弱,中立
クッション値階層,やや低,母父ブロック,地極地,1174,0.10732538330494037,0.09428034198479353,1.13836438270717,1.6605974824085294,0.28960817717206133,0.27253695079568385,1.0626382086045112,1.6152120227046565,103.13458262350946,やや強,やや強
クッション値階層,やや低,母父ブロック,地地極,1295,0.07413127413127413,0.07957066331797387,0.9316407711097834,-0.7745744233814886,0.2555984555984556,0.23933961553244304,1.0679320890101816,1.6302440344174416,67.71428571428572,中立,やや強
クッション値階層,標準,父ブロック,地極地,1815,0.05399449035812672,0.06253086709670362,0.863485393135914,-1.6264895643512247,0.1972451790633609,0.1930815980189708,1.0215638418529198,0.5409529935045154,62.53994490358126,やや弱,中立
クッション値階層,低,父ブロック,地極地,2060,0.070873786407767,0.07540559414503348,0.9399009080340894,-0.8284897131263325,0.24271844660194175,0.22998516007076553,1.0553656876263593,1.6130338589908246,55.7766990291262,中立,やや強
クッション値階層,やや高,母父ブロック,極極バ,778,0.06298200514138817,0.07713890726567046,0.8164752052355996,-1.5963375298060594,0.2249357326478149,0.22903800382953102,0.9820891244547811,-0.32708583133573776,68.41902313624676,やや弱,中立
クッション値階層,やや高,父ブロック,極極地,3323,0.08095094793860969,0.08816647112788947,0.9181602360061192,-1.5927876647486194,0.24646403851941018,0.25631548595268977,0.9615651493055009,-1.5867549000887242,61.99819440264819,やや弱,中立
クッション値階層,低,母父ブロック,地地極,1080,0.07222222222222222,0.0848037453915605,0.851639534182763,-1.5880963276593996,0.2518518518518518,0.2516469153334939,1.0008143812058508,0.01851880910497627,55.749999999999986,やや弱,中立
クッション値階層,やや低,父ブロック,地極極,1732,0.05600461893764434,0.05818805968086824,0.9624761376268782,-0.4131260349481341,0.1945727482678984,0.1822308488971816,1.067726729285448,1.5722012918284147,59.12817551963049,中立,やや強
クッション値階層,標準,父ブロック,極地バ,1154,0.08145580589254767,0.09379043483088481,0.8684873467046194,-1.553382836066879,0.2651646447140381,0.2787345269966166,0.9513161055833488,-1.2538770365457235,67.89428076256497,やや弱,中立
クッション値階層,標準,父ブロック,地極極,1293,0.06264501160092807,0.05478721094393061,1.1434239947903018,1.326608269678408,0.18793503480278423,0.17431522939612304,1.0781331926868583,1.5410833429677255,95.5916473317865,中立,やや強
ダート含水率階層,やや低,母父ブロック,地極地,751,0.06524633821571238,0.07992582523109779,0.8163361219863406,-1.6076836538274053,0.19440745672436752,0.2357735615873777,0.8245515545317836,-3.2410879558675334,50.812250332889484,やや弱,弱
ダート含水率階層,やや低,父ブロック,バ極地,740,0.11216216216216217,0.08225901266190007,1.3635242939660561,3.182475473573715,0.2635135135135135,0.2451968653292614,1.074701804036751,1.3691351464656814,88.93243243243246,強,中立
ダート含水率階層,やや高,母父ブロック,バ極極,1784,0.09080717488789238,0.07301956220256663,1.2436006482205464,3.1338275430363276,0.22253363228699552,0.2161772408407559,1.0294036107664173,0.7914383784249727,90.70067264573987,強,中立
ダート含水率階層,低,父ブロック,バ極地,937,0.08110992529348986,0.07384966411010742,1.0983113636448993,0.9100883637367888,0.25720384204909286,0.22256743816819868,1.1556220629844278,3.015014555955113,128.1750266808964,中立,強
ダート含水率階層,標準,父ブロック,極極地,2469,0.06480356419603078,0.07134069289978807,0.908367462691455,-1.3577134411327894,0.19360064803564195,0.2133954174051167,0.907239013798053,-2.881016627719105,55.60145808019441,中立,やや弱
ダート含水率階層,高,父ブロック,極地極,791,0.05436156763590392,0.05444323715194673,0.9984999144004814,-0.010745532497261664,0.20480404551201012,0.17244487094101757,1.1876493884359167,2.8173622809603716,50.31605562579012,中立,強
ダート含水率階層,標準,父ブロック,バ極地,850,0.09647058823529411,0.08330591149998635,1.1580281218735589,1.4928156792387552,0.2823529411764706,0.24777897292657303,1.1395355216850593,2.7844901227681573,101.97647058823533,中立,強
ダート含水率階層,やや低,父ブロック,極極地,2308,0.07885615251299827,0.06624509505346257,1.1903696786812372,2.611368857773499,0.19454072790294627,0.201164156625033,0.9670745085346755,-0.939032213550249,93.70450606585787,強,中立
ダート含水率階層,標準,母父ブロック,地地地,1754,0.07867730900798175,0.06464336248522143,1.2170980280607886,2.5643280326510105,0.20980615735461802,0.1988241413647858,1.0552348216592236,1.3774717837795178,101.10034207525653,強,中立
ダート含水率階層,やや低,母父ブロック,地バ極,1041,0.07300672430355427,0.08069126902107997,0.9047660941418809,-0.9787362629597665,0.2680115273775216,0.23984051444686993,1.1174572736204342,2.5554842913969114,99.15465898174828,中立,強
ダート含水率階層,やや高,父ブロック,バ極地,793,0.10466582597730138,0.0887587829046176,1.1792165524596918,1.7067606454326765,0.28877679697351827,0.25801863674435455,1.119209064187247,2.417182120522426,91.04665825977303,やや強,強
ダート含水率階層,高,父ブロック,地極極,2743,0.05942398833394094,0.07028080349051129,0.845522324484578,-2.392700187157582,0.2023332118118848,0.21083377079110696,0.9596812268389181,-1.3050095014242595,66.2632154575283,弱,中立
ダート含水率階層,やや低,母父ブロック,極地地,1530,0.09084967320261438,0.07586316777011066,1.1975465284802969,2.383848531696271,0.22287581699346407,0.22662959551817988,0.9834365034446055,-0.4191207798165345,76.33986928104576,強,中立
ダート含水率階層,高,父ブロック,バ極地,775,0.10709677419354839,0.08508336121619393,1.2587275897742112,2.3484692569235497,0.2696774193548387,0.2542120452585467,1.0608365118205274,1.162888822782376,70.11612903225807,強,中立
ダート含水率階層,やや高,父ブロック,極地バ,800,0.0525,0.07221660107496716,0.7269796586729469,-2.3365282077107428,0.21875,0.2189741137792962,0.998976528433301,-0.018520951893116134,35.03750000000001,弱,中立
ダート含水率階層,やや高,母母父ブロック,バ極極,1545,0.07637540453074433,0.07628571357379103,1.0011757241657908,0.014371517468251657,0.24854368932038834,0.2280037893710728,1.0900857832493616,2.3117752609836137,66.21359223300972,中立,やや強
ダート含水率階層,標準,母父ブロック,地地極,1052,0.05418250950570342,0.07056181511471994,0.7678729553316207,-2.2182882970922964,0.20437262357414449,0.21625125414371119,0.9450702350069486,-1.1076282933013235,62.899239543726225,弱,中立
ダート含水率階層,高,母母父ブロック,地地極,786,0.047073791348600506,0.06486482099371499,0.7257214407970335,-2.1418166574394797,0.18193384223918574,0.20421773015113553,0.890881717784944,-1.7991230546481702,62.67175572519085,弱,やや弱
ダート含水率階層,低,母父ブロック,地地地,2145,0.05034965034965035,0.06034718678308132,0.8343330158973735,-2.080775117976314,0.1794871794871795,0.18932724795583927,0.9480261368878347,-1.383752610542697,57.79953379953381,弱,中立
ダート含水率階層,高,母父ブロック,地極地,666,0.07057057057057058,0.07582065370314722,0.9307565567407033,-0.5515750160860405,0.1966966966966967,0.22489872685007947,0.874601201401275,-2.080685937667429,47.882882882882875,中立,弱
ダート含水率階層,高,母母父ブロック,地極地,708,0.07909604519774012,0.07617697352233187,1.038319606836999,0.31532267633977473,0.19915254237288135,0.22571800214432913,0.8823068629038227,-2.0283425799594252,67.04802259887008,中立,弱
ダート含水率階層,やや低,父ブロック,極極極,1063,0.06114769520225776,0.06592355316852572,0.9275546032226291,-0.6795794010879888,0.2154280338664158,0.1958610330858324,1.0999024689715007,1.9414698581391323,63.23612417685794,中立,やや強
ダート含水率階層,高,父ブロック,極極極,1066,0.08348968105065666,0.07268315050269358,1.1486799963020673,1.4700850272649024,0.23452157598499063,0.2143806976952315,1.093949121848609,1.9340873262360407,82.73921200750472,中立,やや強
ダート含水率階層,やや低,母父ブロック,バ極極,1738,0.07882623705408516,0.07733541551934502,1.0192773456343196,0.2509138656295735,0.24338319907940162,0.22742511762667827,1.0701685091746056,1.919387476175088,82.53739930955122,中立,やや強
ダート含水率階層,やや高,父ブロック,地地地,6346,0.06350456980775292,0.0691142337078277,0.9188348969650886,-1.9006808736014718,0.2012291207059565,0.2093570511736643,0.9611767054314996,-1.9127191201486988,61.582098959974786,やや弱,中立
ダート含水率階層,やや高,父ブロック,地極地,1150,0.05652173913043478,0.06038728718873004,0.9359873867787079,-0.5860110224667731,0.17217391304347826,0.1907349717888311,0.902686651685972,-1.896865844010457,70.64347826086959,中立,やや弱
ダート含水率階層,標準,父ブロック,地極極,2905,0.07607573149741824,0.07005763481296327,1.0859020819147238,1.3608294530025407,0.2244406196213425,0.21240679727325082,1.0566546009947637,1.8842670986092949,86.53012048192768,中立,やや強
ダート含水率階層,標準,母母父ブロック,地バ極,920,0.09021739130434783,0.07508737241639618,1.2014988459583895,1.8766842926078169,0.23695652173913043,0.223553049239631,1.0599565630846395,1.1686502331187945,134.86956521739137,やや強,中立
ダート含水率階層,低,母父ブロック,バ極極,2027,0.08238776517020227,0.07245352459741831,1.1371119021190852,1.8589045444112364,0.2284163788850518,0.21584112312182635,1.058261630505544,1.6563379109703646,66.88209176122349,やや強,やや強
ダート含水率階層,低,父ブロック,地地バ,1279,0.06724003127443315,0.062062516953545956,1.0834241757349703,0.829225391125777,0.20562939796716184,0.18857362696579663,1.0904462160260553,1.855906827704187,72.04065676309617,中立,やや強
ダート含水率階層,標準,母父ブロック,地バ極,1065,0.07699530516431925,0.07782588635259118,0.9893277002396225,-0.11001424314757842,0.2084507042253521,0.22805319513031216,0.9140442172109935,-1.8540967222985323,60.00000000000001,中立,やや弱
ダート含水率階層,低,父ブロック,極極地,2324,0.06540447504302926,0.06781013384669123,0.9645236092720181,-0.4953731969881434,0.1906196213425129,0.20352898169001482,0.9365723729352533,-1.8518549837846539,70.24956970740102,中立,やや弱
ダート含水率階層,高,父ブロック,地地極,2471,0.07284500202347227,0.0680480164223691,1.0704941283126994,1.025421480105198,0.2161068393363011,0.20368602525318552,1.060980197672748,1.84863608052725,80.17401861594492,中立,やや強
ダート含水率階層,低,母父ブロック,地極地,909,0.066006600660066,0.07586472649127897,0.8700565297319539,-1.2108823663770245,0.20462046204620463,0.2253622418156621,0.907962489180315,-1.8056304401544152,57.77777777777779,中立,やや弱
ダート含水率階層,やや高,母父ブロック,極地地,1589,0.08118313404657017,0.07700634857455002,1.0542394951758634,0.6788974218980741,0.2422907488986784,0.22676669531606877,1.068458260861332,1.800383536848759,58.95531780994335,中立,やや強
ダート含水率階層,標準,母父ブロック,バ極極,1902,0.06466876971608833,0.07458107144832891,0.8670935997599872,-1.7849985116541591,0.21556256572029442,0.21989983088917425,0.9802761777881234,-0.5528407246128733,79.38485804416405,やや弱,中立
ダート含水率階層,やや高,父ブロック,地バ地,580,0.05517241379310345,0.05774298263656161,0.9554825759584069,-0.28480485861354415,0.20172413793103447,0.17865922591266128,1.1291000333206898,1.7471191868142346,40.465517241379324,中立,やや強
ダート含水率階層,低,父ブロック,地ババ,564,0.0425531914893617,0.05875020559285154,0.7243071076935838,-1.7434720744709482,0.19326241134751773,0.18372006870578744,1.051939576927829,0.6892697743506574,39.02482269503547,やや弱,中立
ダート含水率階層,標準,父ブロック,極地バ,818,0.05745721271393643,0.0711727146946016,0.8072926958102179,-1.6513168653283634,0.19437652811735942,0.2149390561217445,0.9043332171667388,-1.7206465165733107,44.05867970660145,やや弱,やや弱
ダート含水率階層,高,母母父ブロック,極地極,960,0.0625,0.06415570839843218,0.9741923448471712,-0.2247901881816856,0.21354166666666666,0.19602794876771315,1.089342963638857,1.626557729379811,101.03124999999997,中立,やや強
ダート含水率階層,やや低,父ブロック,地極極,2661,0.06839534009770763,0.0706642931608438,0.967891095181952,-0.48931662766537976,0.22510334460729048,0.21425338445069977,1.0506407877028767,1.6193937740621722,56.82450206689218,中立,やや強
ダート含水率階層,やや高,母父ブロック,地地極,1064,0.06296992481203008,0.07502048314767179,0.8393697583642435,-1.6093091708484748,0.212406015037594,0.2249063618199326,0.9444197723835541,-1.182151050365564,55.103383458646626,やや弱,中立
ダート含水率階層,低,父ブロック,極地極,910,0.051648351648351645,0.05414185459242421,0.9539450031247828,-0.35305443114389967,0.15494505494505495,0.17183279411750807,0.9017199291952128,-1.5955897801393553,86.57142857142858,中立,やや弱
ダート含水率階層,高,母父ブロック,地地極,1027,0.07108081791626096,0.07777167193421101,0.9139679802227987,-0.8566361835364167,0.21616358325219084,0.23383043632552458,0.9244458790268901,-1.590335426715886,55.28724440116842,中立,やや弱
ダート含水率階層,標準,母父ブロック,極地地,1662,0.0812274368231047,0.07187360092888755,1.1301428587593925,1.588279101452465,0.22743682310469315,0.21666303209428847,1.0497260234303196,1.278833253546676,96.93742478941034,やや強,中立
ダート含水率階層,やや高,母母父ブロック,極極バ,616,0.09577922077922078,0.08169374692907505,1.1724180170408205,1.3878999550607305,0.262987012987013,0.24073786098221628,1.0924206600242257,1.5882345493927406,61.818181818181806,中立,やや強
ダート含水率階層,標準,父ブロック,地極地,1210,0.06611570247933884,0.06463859139683943,1.0228518451683282,0.22538395429287567,0.18099173553719008,0.1958506983464849,0.9241311727007099,-1.5625344286541816,56.52892561983468,中立,やや弱
ダート含水率階層,低,父ブロック,地地地,7085,0.06464361326746648,0.06900048525517596,0.9368573717764882,-1.5612548757907554,0.20155257586450248,0.2073327003948575,0.9721215007601455,-1.4421722602925504,64.93577981651372,やや弱,中立
ダート含水率階層,やや高,父ブロック,極地地,549,0.09836065573770492,0.08169046241986713,1.204065356273263,1.5497599664096608,0.24408014571949,0.23696761598524602,1.030014775245436,0.47055414645971994,78.56102003642987,やや強,中立
ダート含水率階層,標準,父ブロック,極地地,532,0.08458646616541353,0.07409512666241226,1.141592841197253,0.9987930160784142,0.24060150375939848,0.21743515212777775,1.1065437276581978,1.5497042237732204,68.81578947368423,中立,やや強
ダート含水率階層,低,母父ブロック,地極極,3943,0.06796855186406289,0.07384631362893801,0.9204054816546481,-1.5314892963626707,0.2120213035759574,0.2182096479491485,0.9716403723146411,-1.1438479669652946,76.48998224702007,やや弱,中立
ダート含水率階層,やや低,母母父ブロック,極バ極,559,0.057245080500894455,0.06506877508162111,0.8797626884644324,-0.8008602239537708,0.1771019677996422,0.19884534771936735,0.8906518046858617,-1.5196852115324964,75.47406082289805,中立,やや弱
ダート含水率階層,標準,母母父ブロック,地地極,768,0.06640625,0.08013335789839604,0.8286967093554081,-1.516165571332552,0.23046875,0.23569594742721076,0.9778222855154306,-0.4150869958374719,37.812499999999986,やや弱,中立
ダート含水率階層,標準,父ブロック,地極バ,662,0.08308157099697885,0.08298282937474205,1.0011899042606862,0.010016487626454781,0.22205438066465258,0.2423911620304842,0.9160993280634796,-1.5079211279742093,74.25981873111782,中立,やや弱
ダート含水率階層,高,父ブロック,地地バ,964,0.07365145228215768,0.06274095563665708,1.1738975209221394,1.5043698246020927,0.20435684647302904,0.1907232233689625,1.0714838123183967,1.2939969192947662,112.35477178423233,やや強,中立
競馬場×クッション値階層,中京×やや低,母父ブロック,極極地,579,0.07944732297063903,0.07757590694460705,1.0241236757614482,0.1846677999707475,0.19170984455958548,0.22697793730946975,0.8446188507661055,-2.476752062489588,90.43177892918824,中立,弱
競馬場×クッション値階層,新潟×標準,父ブロック,地地地,878,0.09681093394077449,0.07726043739383276,1.2530466718339122,2.3217146432989706,0.244874715261959,0.228528951438432,1.0715260089395313,1.3702381912864083,119.00911161731203,強,中立
競馬場×クッション値階層,中京×高,父ブロック,極極地,805,0.06832298136645963,0.08878335340388753,0.7695472039183867,-2.200096503470201,0.2372670807453416,0.2593279099976038,0.9149307559974318,-1.7478095618205773,48.62111801242235,弱,やや弱
競馬場×クッション値階層,函館×低,父ブロック,地地地,1411,0.0815024805102764,0.0796098781452805,1.0237734613981204,0.2808502410382726,0.21686746987951808,0.23771957207745076,0.9122827707634484,-2.169518972479185,78.22111977321049,中立,やや弱
競馬場×クッション値階層,中京×やや高,母父ブロック,極極地,875,0.09028571428571429,0.0729060808827775,1.2383838658243163,2.119037158270545,0.24342857142857144,0.22083936391484824,1.1022879576959532,1.931611667972555,91.05142857142854,強,やや強
競馬場×クッション値階層,中山×高,母母父ブロック,地極極,1231,0.07148659626320066,0.07715710890934377,0.9265069320727695,-0.8058890265107269,0.20633631194151097,0.22701135195400834,0.9089250831091211,-2.1055361979436658,68.31844029244516,中立,やや弱
競馬場×クッション値階層,新潟×やや低,母父ブロック,地極極,765,0.06535947712418301,0.06972594759256326,0.9373766779923123,-0.5148695001017528,0.1803921568627451,0.20601719026012763,0.8756170134879178,-2.0979799292777623,52.771241830065364,中立,弱
競馬場×クッション値階層,新潟×標準,母父ブロック,極極極,705,0.07234042553191489,0.06985357299905573,1.0356009353006577,0.2777463325157379,0.23546099290780143,0.2091274095556789,1.1259212429784884,2.048135148022568,126.80851063829783,中立,強
競馬場×クッション値階層,中山×高,父ブロック,地極地,524,0.03816793893129771,0.05678529899067256,0.6721447207237052,-1.968494961547186,0.16412213740458015,0.1757627322232022,0.9337709725413259,-0.8454777253157787,43.60687022900763,やや弱,中立
競馬場×クッション値階層,東京×標準,父ブロック,極極地,782,0.07544757033248081,0.09390359967720567,0.803457701215208,-1.940622957849264,0.24808184143222506,0.2728089827896087,0.9093609707989224,-1.9463001859327902,78.04347826086956,やや弱,やや弱
競馬場×クッション値階層,京都×高,母父ブロック,極極極,933,0.04715969989281887,0.06139411099269535,0.7681469627995738,-1.9234526503161742,0.18006430868167203,0.19258498216228737,0.9349862417098316,-1.1465268516153688,64.58735262593784,やや弱,中立
競馬場×クッション値階層,小倉×低,母父ブロック,極極極,708,0.052259887005649715,0.06446799013979054,0.8106331047754223,-1.4084841201349654,0.17231638418079095,0.1961086037905095,0.8786783488850174,-1.8596034721639243,30.46610169491525,中立,やや弱
競馬場×クッション値階層,小倉×低,母母父ブロック,極極極,1456,0.07623626373626374,0.06851320133524612,1.1127237123722686,1.2387698196235135,0.2239010989010989,0.20697684557044974,1.081768824353295,1.859304958152758,85.59065934065934,中立,やや強
競馬場×クッション値階層,札幌×低,父ブロック,極極地,693,0.06060606060606061,0.0775013289639996,0.7820002755593124,-1.773080048906422,0.2077922077922078,0.23313788373391892,0.8912846100523147,-1.855312979451645,63.102453102453104,やや弱,やや弱
競馬場×クッション値階層,札幌×低,父ブロック,地バ極,1446,0.08852005532503458,0.08208278871513706,1.0784240729471026,0.9552899187017925,0.26556016597510373,0.2479204297785546,1.071150797101736,1.8489132692790682,98.5477178423236,中立,やや強
競馬場×クッション値階層,小倉×低,母父ブロック,極極地,788,0.08883248730964467,0.07307420886573625,1.2156476093071644,1.8036207593847255,0.23223350253807107,0.21989568578153185,1.0561075889810632,0.9805488701173622,138.7309644670051,やや強,中立
競馬場×クッション値階層,中京×低,母母父ブロック,極極極,794,0.08438287153652393,0.06926767741292184,1.2182142478012747,1.7966105322207557,0.21914357682619648,0.2100932655762024,1.0430775885422727,0.7450541950153589,67.48110831234257,やや強,中立
競馬場×クッション値階層,福島×やや低,父ブロック,地バ極,994,0.09456740442655935,0.0802247535973482,1.1787808648337843,1.7885356208079801,0.2535211267605634,0.2357129476987851,1.075550279420947,1.5855697403632758,132.26358148893357,やや強,やや強
競馬場×クッション値階層,福島×やや低,父ブロック,地地地,1001,0.054945054945054944,0.06789880021827349,0.8092198207983603,-1.731775535298961,0.19880119880119881,0.20722527225743742,0.9593482331355156,-0.7664823032600981,44.05594405594406,やや弱,中立
競馬場×クッション値階層,小倉×やや低,父ブロック,地バ極,1104,0.07427536231884058,0.07915319356626616,0.938374801727464,-0.6439969456761719,0.21829710144927536,0.23685076805361044,0.9216651617522493,-1.7299815167719288,64.81884057971018,中立,やや弱
競馬場×クッション値階層,中京×高,父ブロック,地地地,1482,0.0883940620782726,0.07730410136219311,1.143458891839641,1.7242251565420736,0.22199730094466938,0.2311265407703831,0.9605011185851505,-1.0062349499058807,63.09716599190279,やや強,中立
競馬場×クッション値階層,札幌×低,父ブロック,地地地,1686,0.09252669039145907,0.08191077405207335,1.1296034186252084,1.7158215027969002,0.24970344009489917,0.2444664716533554,1.0214220314390172,0.5994265563540873,86.4531435349941,やや強,中立
競馬場×クッション値階層,京都×標準,父ブロック,地地地,528,0.058712121212121215,0.07701829625145831,0.7623139444740641,-1.6874993921758785,0.2178030303030303,0.23258484895974382,0.9364454790463502,-0.9753268934006846,63.88257575757576,やや弱,中立
競馬場×クッション値階層,東京×標準,父ブロック,地極地,528,0.032196969696969696,0.04660051066471011,0.6909145251352792,-1.6750784671913503,0.17045454545454544,0.15947280207105036,1.068862798175468,0.8271986137012287,36.212121212121204,やや弱,中立
競馬場×クッション値階層,中山×やや低,母母父ブロック,地極極,617,0.06158833063209076,0.07578623812925013,0.8126585004398099,-1.4367654758411739,0.2025931928687196,0.22586286211173448,0.8969743452931923,-1.6653549691400427,46.40194489465153,中立,やや弱
競馬場×クッション値階層,新潟×標準,母母父ブロック,極極極,1509,0.07157057654075547,0.06582527272965732,1.0872811242984735,0.9635467475545125,0.21338634857521538,0.19904417912108793,1.0720552066252709,1.645147784755283,96.32869449966867,中立,やや強
競馬場×クッション値階層,小倉×標準,母母父ブロック,地極極,653,0.0903522205206738,0.07991939475741149,1.1305418515108916,1.058701611969023,0.26033690658499237,0.23793931028344348,1.0941315509188787,1.6180773724183077,71.88361408882082,中立,やや強
競馬場×クッション値階層,阪神×やや高,父ブロック,極極地,829,0.09891435464414958,0.09895773269011503,0.9995616507696141,-0.004548385388749122,0.2677925211097708,0.2883632301178003,0.9286638972672553,-1.6130033865424576,69.48130277442704,中立,やや弱
競馬場×クッション値階層,中山×高,父ブロック,地バ極,1413,0.07784854918612881,0.06791931164021064,1.1461916692930632,1.600400739166596,0.21939136588818117,0.2059762548887029,1.0651294053614433,1.5025500246708585,77.14791224345362,やや強,やや強
競馬場×クッション値階層,新潟×やや高,母父ブロック,極極地,811,0.08384710234278668,0.0705670630456236,1.1881903358876813,1.5720914668612957,0.23057953144266338,0.21183292133305495,1.0884971513947732,1.541585279534684,79.38347718865597,やや強,やや強
競馬場×クッション値階層,中京×標準,母父ブロック,極極地,540,0.08333333333333333,0.07079654507356324,1.1770819218189725,1.2130331404491863,0.2388888888888889,0.21629943226010415,1.1044360421696369,1.534472940858855,80.31481481481484,中立,やや強
競馬場×クッション値階層,東京×やや高,母父ブロック,極極地,1151,0.08253692441355343,0.07191294521877856,1.1477338907821655,1.5210841869885012,0.21720243266724587,0.21894099399537073,0.9920592242850527,-0.17793854605352122,70.28670721112077,やや強,中立
競馬場×クッション値階層,小倉×やや高,母父ブロック,極極極,578,0.04844290657439446,0.06286514615695042,0.7705844897497081,-1.5171920815474527,0.20588235294117646,0.1952392316960083,1.0545132305260234,0.757243383799599,73.61591695501734,やや弱,中立
競馬場×クッション値階層,中京×高,父ブロック,地バ極,1063,0.08466603951081844,0.08151591597605817,1.0386442757471497,0.40412622441252155,0.2605832549388523,0.24392505948012733,1.0682922676916766,1.5162818081685938,82.29539040451557,中立,やや強
競馬場×クッション値階層,新潟×やや低,母母父ブロック,地極極,1402,0.05706134094151213,0.06642702330599017,0.8590079473930984,-1.5088749358638598,0.19757489300998574,0.20158196928713448,0.9801218517146191,-0.44439235665097376,78.93723252496433,やや弱,中立
競馬場×クッション値階層,新潟×やや高,母父ブロック,極極極,758,0.07387862796833773,0.06269038205851042,1.1784682999600329,1.3419274440592375,0.1741424802110818,0.19263415488946178,0.9040062511812043,-1.5083621781060084,74.81530343007914,中立,やや弱
競馬場×ダート含水率階層,中京×高,母母父ブロック,地極極,843,0.07473309608540925,0.069977086434541,1.067965242527169,0.5822460296257639,0.2443653618030842,0.21008625689445745,1.1631668126004444,2.911975841254892,85.9549228944247,中立,強
競馬場×ダート含水率階層,京都×やや高,母父ブロック,極極極,942,0.058386411889596604,0.07548668271616339,0.7734663888878874,-2.1481743830648083,0.20169851380042464,0.22612347478120753,0.8919839658203731,-2.176029016344525,44.309978768577515,弱,弱
競馬場×ダート含水率階層,中山×やや低,父ブロック,地バ極,687,0.06695778748180495,0.07894199530936075,0.8481897020642606,-1.270413701799458,0.20087336244541484,0.22915316263612198,0.876589963387879,-2.1702554622789854,48.10771470160116,中立,弱
競馬場×ダート含水率階層,東京×低,父ブロック,地バ極,1530,0.06339869281045751,0.0708230658312687,0.8951701266576166,-1.2286003435632717,0.22941176470588234,0.21126482183729622,1.085896661407084,2.0983269715139223,49.117647058823536,中立,やや強
競馬場×ダート含水率階層,中山×標準,父ブロック,地極極,500,0.084,0.07164740347527704,1.1724081533392259,1.1546168516491995,0.25,0.21797067239240675,1.1469432894620415,2.093032176932942,66.66,中立,強
競馬場×ダート含水率階層,中山×低,父ブロック,地地地,1582,0.05625790139064475,0.06283442247810724,0.8953356961344895,-1.1627496308927179,0.17446270543615677,0.19143121112468378,0.9113597746739689,-2.064202151708951,64.90518331226298,中立,やや弱
競馬場×ダート含水率階層,中山×やや高,父ブロック,地バ極,1370,0.07956204379562044,0.07572660404122754,1.0506485112194492,0.5816955113942069,0.20656934306569344,0.22552353075399895,0.9159547226627064,-2.03036252022869,73.41605839416057,中立,やや弱
競馬場×ダート含水率階層,中山×標準,父ブロック,地地地,1158,0.06044905008635579,0.06464304629442637,0.9351206904920847,-0.6318009569514469,0.17616580310880828,0.19568477496949208,0.9002529866530145,-2.0253942643216902,74.84455958549225,中立,やや弱
競馬場×ダート含水率階層,東京×低,父ブロック,地極極,686,0.08017492711370262,0.06556560301483678,1.2228199456285014,1.6761030104757841,0.22011661807580174,0.19505550698382837,1.1284819458804163,2.018331668278196,73.01749271137025,やや強,強
競馬場×ダート含水率階層,阪神×標準,父ブロック,地地地,1273,0.0589159465828751,0.07145334685241377,0.8245372565201942,-1.8855003824437537,0.194815396700707,0.21379367544605093,0.9112308691744581,-2.008094517854666,54.9096622152396,やや弱,やや弱
競馬場×ダート含水率階層,阪神×やや高,父ブロック,地地地,1202,0.05906821963394343,0.07283273646824401,0.8110119500960659,-2.00499233367613,0.20049916805324458,0.21916601848360415,0.9148278069770381,-1.921458797797805,36.580698835274546,弱,やや弱
競馬場×ダート含水率階層,京都×やや低,母父ブロック,極極地,912,0.07894736842105263,0.07527241834419965,1.0488220009093965,0.4546278741254779,0.24561403508771928,0.22312252922471837,1.1008033834196482,1.9707756440477089,61.447368421052616,中立,やや強
競馬場×ダート含水率階層,中山×標準,母父ブロック,極極地,1359,0.05886681383370125,0.06456267511093813,0.9117777993639563,-0.9274426983161116,0.17954378219278883,0.19696093884083724,0.9115705035193649,-1.955947409923729,73.34069168506254,中立,やや弱
競馬場×ダート含水率階層,新潟×標準,母父ブロック,極極地,963,0.0529595015576324,0.06739109434714126,0.7858531171022444,-1.8989373954809148,0.19626168224299065,0.20722985398292743,0.9470724341636587,-0.9843597927079581,50.91381100726895,やや弱,中立
競馬場×ダート含水率階層,中山×標準,母父ブロック,極極極,1202,0.0524126455906822,0.06475589852083762,0.8093879752717272,-1.8943470635965274,0.20382695507487522,0.19386769971190457,1.0513714011037967,1.0651474193403998,51.48086522462562,やや弱,中立
競馬場×ダート含水率階層,札幌×やや低,母母父ブロック,極極極,817,0.08200734394124846,0.0772718418444626,1.0612836705292694,0.5421916145433232,0.2558139534883721,0.23200397785511434,1.1026274456730523,1.8937626183146488,68.8249694002448,中立,やや強
競馬場×ダート含水率階層,東京×やや低,父ブロック,地バ極,1246,0.06340288924558588,0.0762323922182834,0.8317053604199957,-1.8424876850303125,0.22150882825040127,0.22800951383658066,0.9714894107846809,-0.6607610387729366,38.138041733547354,やや弱,中立
競馬場×ダート含水率階層,福島×標準,母父ブロック,極極極,620,0.056451612903225805,0.07453290132981648,0.7574052786892204,-1.8169232115553828,0.19516129032258064,0.22135781376077854,0.8816553028188628,-1.8345999049886603,55.80645161290322,やや弱,やや弱
競馬場×ダート含水率階層,東京×標準,父ブロック,地バ極,826,0.08353510895883777,0.0744512858443588,1.1220102918500132,1.0721460662487103,0.24334140435835352,0.22140205882820616,1.0990927801045016,1.8262969897506385,104.9515738498789,中立,やや強
競馬場×ダート含水率階層,阪神×低,母母父ブロック,極極極,1734,0.06862745098039216,0.07314156798020897,0.9382824688549434,-0.7797514798489649,0.20530565167243367,0.2200734359400435,0.9328961071356511,-1.7877966529564573,67.62975778546712,中立,やや弱
競馬場×ダート含水率階層,中京×高,母父ブロック,極極極,937,0.08110992529348986,0.0730767617617111,1.1099277436235244,1.0093175739307256,0.24332977588046958,0.22311403059574775,1.09060723447442,1.7572746176104588,73.54322305229455,中立,やや強
競馬場×ダート含水率階層,阪神×標準,父ブロック,極極地,527,0.07210626185958255,0.07475876936035437,0.9645191122932195,-0.2492768596748793,0.19924098671726756,0.2254501784168899,0.8837473011391556,-1.741101871464466,52.599620493358636,中立,やや弱
競馬場×ダート含水率階層,中京×低,母父ブロック,地極極,650,0.05384615384615385,0.06994750382906144,0.7698080831839794,-1.7402332698883434,0.22,0.21190758544365443,1.038188413781428,0.6118803450339441,38.90769230769231,やや弱,中立
競馬場×ダート含水率階層,中山×標準,父ブロック,地バ極,1022,0.07338551859099804,0.06891963028320047,1.0647984948475,0.6086613527292133,0.22798434442270057,0.20957253063589093,1.0878541368515426,1.734209021634044,90.70450097847356,中立,やや強
競馬場×ダート含水率階層,東京×低,母母父ブロック,極極地,577,0.05199306759098787,0.06848587695787849,0.7591794089599766,-1.7140754132725888,0.17850953206239167,0.2018137402928219,0.8845261566600126,-1.7190315749460563,57.36568457538994,やや弱,やや弱
競馬場×ダート含水率階層,福島×標準,母母父ブロック,地極極,575,0.07478260869565218,0.07036102498032556,1.062841377261957,0.4406215005353248,0.18434782608695652,0.20917602034220256,0.881304777600089,-1.714450736119952,92.86956521739133,中立,やや弱
競馬場×ダート含水率階層,中山×やや低,父ブロック,地地地,681,0.05433186490455213,0.06962353237477599,0.7803663941106801,-1.6997463077126047,0.19823788546255505,0.20772841310478196,0.9543128092090142,-0.7340078489903442,30.029368575624087,やや弱,中立
競馬場×ダート含水率階層,中京×高,父ブロック,地地地,885,0.07231638418079096,0.07579077083447167,0.9541581829103067,-0.4232486186591987,0.20564971751412428,0.2246648031405825,0.9153624183198842,-1.6409578307268784,62.45197740112993,中立,やや弱
競馬場×ダート含水率階層,京都×低,母父ブロック,極極極,686,0.08892128279883382,0.07379346169216987,1.2050021879955952,1.6393147804606318,0.22886297376093295,0.22030541223707334,1.0388440821174683,0.6500635723474605,76.67638483965014,やや強,中立
競馬場×ダート含水率階層,阪神×やや低,母母父ブロック,地極極,980,0.06428571428571428,0.07168783178434616,0.8967451335269954,-0.9736114939664484,0.19693877551020408,0.21458719458856745,0.9177564201246907,-1.626386963189503,63.90816326530611,中立,やや弱
競馬場×ダート含水率階層,東京×やや高,父ブロック,地地地,1056,0.0634469696969697,0.06683308816926407,0.9493346998463011,-0.47768297499926654,0.1846590909090909,0.20105690135997734,0.9184419418584027,-1.6096009872359842,58.503787878787904,中立,やや弱
競馬場×ダート含水率階層,東京×やや低,父ブロック,地極極,550,0.07454545454545454,0.05962387515411375,1.2502618179843563,1.5878492517167209,0.19272727272727272,0.18333054433343351,1.0512556618865914,0.6777936426277988,73.87272727272727,やや強,中立
競馬場×ダート含水率階層,中京×やや低,父ブロック,地地地,654,0.05963302752293578,0.0728833861275209,0.8181978183422824,-1.420057480136461,0.19418960244648317,0.21542051536234158,0.9014443314270807,-1.5871170356134798,62.18654434250765,中立,やや弱
競馬場×ダート含水率階層,中京×低,母父ブロック,極極地,1390,0.08129496402877698,0.0732179193788734,1.1103151348525504,1.2527409858284972,0.20215827338129497,0.21653395738719183,0.9336100250539863,-1.571553457389895,69.2877697841727,中立,やや弱
競馬場×ダート含水率階層,中山×低,母父ブロック,地地地,524,0.0648854961832061,0.06521329227935403,0.9949734772668164,-0.03260459690421415,0.17938931297709923,0.20203493850479884,0.8879123299400925,-1.5634258160618288,53.683206106870216,中立,やや弱
競馬場×ダート含水率階層,小倉×高,母父ブロック,極極地,801,0.07615480649188515,0.0634973566950057,1.1993382158831662,1.5631860292107036,0.20724094881398253,0.19304402285737926,1.0735424269887492,1.191361854535773,100.51186017478153,やや強,中立
競馬場×ダート含水率階層,中山×高,母母父ブロック,極極極,2393,0.07229419139155871,0.06501525589869343,1.1119573458913594,1.557135210489022,0.20058503969912245,0.19728348883865154,1.0167350591775628,0.4858424592207357,63.159214375261186,やや強,中立
競馬場×ダート含水率階層,京都×高,父ブロック,地バ極,608,0.07894736842105263,0.0792221402458044,0.9965316283566786,-0.027077050905479298,0.2582236842105263,0.23614641217049162,1.0934897627159181,1.554712877667421,75.92105263157895,中立,やや強
競馬場×ダート含水率階層,東京×高,母母父ブロック,地極極,912,0.07785087719298246,0.06626384071028066,1.174862132325875,1.5170907919126553,0.18530701754385964,0.19801210219997398,0.9358368275728756,-1.1623819929473147,128.5416666666667,やや強,中立
競馬場×ダート含水率階層,京都×やや低,母父ブロック,極極極,712,0.05337078651685393,0.06647647553084202,0.8028522284111219,-1.5151571816516083,0.18258426966292135,0.2002944466745154,0.9115792908608513,-1.4203397271091236,78.90449438202248,やや弱,中立
競馬場×ダート含水率階層,京都×やや高,父ブロック,地地地,775,0.05806451612903226,0.07089938943241836,0.818970608828439,-1.5058222612337644,0.2129032258064516,0.21438120460812496,0.9931058377791327,-0.12152135747018884,52.21935483870968,やや弱,中立
距離×クッション値階層,1200×低,母母父ブロック,地極極,1923,0.06396255850234009,0.07835555710913022,0.8163117060511204,-2.500608554858068,0.23036921476859074,0.23102535547521033,0.9971598757838942,-0.08026046145460958,58.30993239729586,弱,中立
距離×クッション値階層,1200×やや低,母母父ブロック,地極極,1236,0.08656957928802589,0.06965917947088066,1.2427591014650727,2.484988491818004,0.20550161812297735,0.20673509576697136,0.9940335353345889,-0.12475415847980469,91.22977346278316,強,中立
距離×クッション値階層,2000×やや高,父ブロック,地地地,1354,0.09896602658788774,0.082355755201771,1.2016892607617,2.406737184192158,0.2555391432791728,0.24579873795358836,1.0396275644320991,1.0203616451940754,82.11964549483014,強,中立
距離×クッション値階層,1800×やや高,父ブロック,地バ極,1082,0.0933456561922366,0.07668752996525602,1.217220795017491,2.233472550968356,0.2532347504621072,0.23303503500181327,1.0866810239933955,1.9168012475203118,73.37338262476894,強,やや強
距離×クッション値階層,1400×やや高,母父ブロック,極極地,781,0.08450704225352113,0.06594441332859109,1.2814890297444188,2.2264892365807682,0.19718309859154928,0.1995762250183167,0.9880089603531294,-0.19814793306799852,125.41613316261204,強,中立
距離×クッション値階層,1800×低,父ブロック,地バ極,1173,0.09121909633418585,0.08340914087882886,1.0936342872384066,1.0404933354451178,0.27621483375959077,0.25299952129991304,1.091760301918349,2.2030630418761397,80.46888320545608,中立,やや強
距離×クッション値階層,2000×やや低,母父ブロック,地極極,645,0.05271317829457364,0.07298805672447922,0.7222164921249965,-2.1330107263490867,0.2124031007751938,0.22298076252928217,0.9525624469388955,-0.7907042617535706,52.356589147286826,弱,中立
距離×クッション値階層,1800×低,母父ブロック,極極極,1117,0.05640107430617726,0.07164739466772133,0.7872034226470923,-2.1142624505374186,0.22381378692927484,0.22198906829866702,1.008219858052437,0.17422104597626087,51.897940913160255,弱,中立
距離×クッション値階層,2000×低,父ブロック,極極地,756,0.07142857142857142,0.08182707593781886,0.8729209813491398,-1.1108195665422962,0.21693121693121692,0.2449409169341743,0.8856471170536006,-2.1063129938499836,88.21428571428575,中立,弱
距離×クッション値階層,1200×やや低,父ブロック,地バ極,1283,0.05845674201091192,0.07245043693588832,0.8068514764464503,-2.0717045396475373,0.20420888542478566,0.21437863038481247,0.9525617598089324,-1.0500971104765775,56.78877630553393,弱,中立
距離×クッション値階層,1600×やや高,母父ブロック,極極極,1122,0.049019607843137254,0.06287518961181757,0.7796335588930596,-2.06952847286385,0.18716577540106952,0.19314142275260568,0.969060767667688,-0.6128162310233883,61.23885918003565,弱,中立
距離×クッション値階層,1600×やや低,父ブロック,極極地,593,0.08600337268128162,0.08765640304223812,0.9811419325504381,-0.1549287293070965,0.22259696458684655,0.2514754887342787,0.885163662300517,-1.9934281566924972,55.430016863406394,中立,やや弱
距離×クッション値階層,2000×高,父ブロック,地極地,538,0.05204460966542751,0.06074343809868841,0.856793940126864,-0.9042975633009079,0.2211895910780669,0.19341590775019887,1.1435956517275632,1.982549970723393,63.56877323420075,中立,やや強
距離×クッション値階層,1400×標準,父ブロック,地地地,981,0.06829765545361875,0.07520683184035043,0.9081310006330472,-0.8750837470134971,0.2038735983690112,0.22567073306393637,0.9034117787495747,-1.9475313964930425,78.18552497451581,中立,やや弱
距離×クッション値階層,2000×高,父ブロック,極極地,576,0.08506944444444445,0.09412009724485895,0.9038393173684394,-0.8060460227701874,0.24305555555555555,0.27212641316751884,0.8931714960206104,-1.9314244097103552,59.513888888888886,中立,やや弱
距離×クッション値階層,1600×高,父ブロック,地バ極,1416,0.08121468926553672,0.074085355225331,1.0962313539365751,1.104433932950082,0.2401129943502825,0.22246453647991646,1.0793315561645003,1.9136054626198264,69.08898305084742,中立,やや強
距離×クッション値階層,2000×やや高,父ブロック,極極地,608,0.08223684210526316,0.10362556847949796,0.7935960527110015,-1.8869540660957025,0.27631578947368424,0.29513300341694504,0.9362415801506377,-1.2574533677423207,38.00986842105264,やや弱,中立
距離×クッション値階層,1800×低,母母父ブロック,地極極,1105,0.09230769230769231,0.0832412237552003,1.1089180113348058,1.1821279764116073,0.2660633484162896,0.2464915252795258,1.0794016066660668,1.8357434741007663,70.25339366515837,中立,やや強
距離×クッション値階層,2000×やや高,母父ブロック,極極地,1224,0.0915032679738562,0.07855111736404803,1.1648881778445106,1.8221644814488887,0.24428104575163398,0.23454932023859007,1.0414911691201856,0.9910449893879458,66.781045751634,やや強,中立
距離×クッション値階層,1400×高,母父ブロック,極極地,543,0.053406998158379376,0.07205238721057916,0.7412245482206291,-1.7840457477973795,0.18968692449355432,0.21531179268622574,0.8809871587943416,-1.712275219571765,46.279926335174956,やや弱,やや弱
距離×クッション値階層,1600×やや高,母父ブロック,極極地,1466,0.08321964529331514,0.07209667176881655,1.1542785991587137,1.776071126948431,0.22442019099590724,0.218491371478059,1.027135257002328,0.6682956890301984,83.3287858117326,やや強,中立
距離×クッション値階層,2000×やや低,父ブロック,地地地,1570,0.06815286624203822,0.07915257277957205,0.8610315982000186,-1.7466292384576416,0.23248407643312102,0.23867966647662653,0.9740422377198511,-0.70656826437932,61.07006369426753,やや弱,中立
距離×クッション値階層,1400×高,母母父ブロック,極極極,1017,0.051130776794493606,0.06356340070300302,0.8044059353180258,-1.7228910956836385,0.2025565388397247,0.1919919264867536,1.055026336504311,0.9975419600870302,64.18879056047199,やや弱,中立
距離×クッション値階層,2000×高,母父ブロック,極極地,1201,0.08825978351373855,0.07626145756187341,1.1573314533377559,1.6985219458332428,0.24396336386344714,0.22876572382683064,1.0664332041635778,1.5368613747742617,103.85512073272271,やや強,やや強
距離×クッション値階層,1800×低,母母父ブロック,極極極,2389,0.0740895772289661,0.078273949694012,0.9465419532117209,-0.8221964111011754,0.2239430724152365,0.2361417319175903,0.9483417886228981,-1.6874995136086912,72.80033486814568,中立,やや弱
距離×クッション値階層,1200×高,母父ブロック,極極極,694,0.06051873198847262,0.056994928284784065,1.0618266187840666,0.42195344027199916,0.19596541786743515,0.17526859095352668,1.1180863428028376,1.652051482404827,69.76945244956771,中立,やや強
距離×クッション値階層,1200×低,父ブロック,地地極,709,0.0846262341325811,0.08472628768444142,0.9988190967101856,-0.010301092015940096,0.22708039492242596,0.24880825799451134,0.9126722591636621,-1.6097272522694017,67.17912552891396,中立,やや弱
距離×クッション値階層,1400×やや低,母父ブロック,極極地,898,0.06570155902004454,0.06573465759544736,0.9994964821204894,-0.004256439705604131,0.18374164810690424,0.20177692765926322,0.91061773136513,-1.588033286331687,94.93318485523383,中立,やや弱
距離×クッション値階層,1200×低,父ブロック,極極地,861,0.05226480836236934,0.06479999087467603,0.8065557981859923,-1.5764917563391483,0.19279907084785133,0.19778007529898411,0.9748154385945956,-0.4212394532787453,49.59349593495938,やや弱,中立
距離×クッション値階層,2000×やや低,母母父ブロック,地極極,1237,0.07113985448666128,0.08240715089290081,0.8632728314939209,-1.5663698473196161,0.23039611964430073,0.24469662755173857,0.9415582141424726,-1.4436737307040388,54.90703314470493,やや弱,中立
距離×クッション値階層,1800×やや低,母父ブロック,極極地,1460,0.06780821917808219,0.07312647800579174,0.9272731441094657,-0.8508482977974099,0.20616438356164385,0.2199217275776198,0.9374443618304135,-1.5536856691661476,78.12328767123289,中立,やや弱
距離×クッション値階層,1400×やや高,母母父ブロック,地極極,689,0.08127721335268505,0.06748096368795445,1.2044465418207013,1.5497703047083249,0.21335268505079827,0.20068312838202304,1.0631321465382844,0.9947141987260063,105.18142235123365,やや強,中立
距離×クッション値階層,2000×高,母母父ブロック,極極極,2101,0.08281770585435506,0.07716559976596316,1.0732464479707835,1.05149966640832,0.2427415516420752,0.2310843106839381,1.0504458347848682,1.548824792378272,73.5649690623513,中立,やや強
距離×クッション値階層,1600×やや低,父ブロック,地バ極,1534,0.0697522816166884,0.06692840878212389,1.0421924394431255,0.4725551455616516,0.2242503259452412,0.210740857327478,1.0641046486622685,1.5369686340614408,66.7535853976532,中立,やや強
距離×クッション値階層,1600×高,母母父ブロック,地極極,1260,0.06190476190476191,0.07215733609121362,0.8579136267795211,-1.5121804590060437,0.20317460317460317,0.21788592152693695,0.9324815561774833,-1.526893822907348,62.555555555555564,やや弱,やや弱
距離×クッション値階層,1600×高,母父ブロック,地極極,583,0.07032590051457976,0.06918272677813171,1.0165239762826086,0.11768031892652363,0.18696397941680962,0.2080319693504674,0.8987271523726003,-1.5145105823335825,68.69639794168097,中立,やや弱
距離×ダート含水率階層,1800×標準,母父ブロック,極地地,534,0.10299625468164794,0.07497777399169786,1.3736904845034812,2.6768706300760408,0.24719101123595505,0.22418393925795507,1.1026258707655552,1.567050243278991,171.92883895131087,強,やや強
距離×ダート含水率階層,1800×やや低,母父ブロック,地極極,850,0.052941176470588235,0.0736077366514171,0.7192338588170543,-2.501733546414953,0.20352941176470588,0.22343955822229664,0.9108924730428332,-1.6842827369979287,40.000000000000014,弱,やや弱
距離×ダート含水率階層,1800×低,父ブロック,地地地,2029,0.06012814194184327,0.06991003128642327,0.8600788876133765,-1.8825909924620323,0.19221291276490882,0.21084231962176123,0.9116429429809326,-2.4943539303916085,41.55741744701824,やや弱,やや弱
距離×ダート含水率階層,1200×低,母母父ブロック,極極地,540,0.040740740740740744,0.06525332265496003,0.6243473754764265,-2.473774779491034,0.19444444444444445,0.20030503871611802,0.9707416532842217,-0.4075277893936,54.96296296296298,弱,中立
距離×ダート含水率階層,1400×高,父ブロック,地極極,552,0.043478260869565216,0.06748409904279411,0.6442741547456102,-2.405700071085353,0.18659420289855072,0.20340247070712478,0.9173644855436592,-1.1620302680994403,62.66304347826086,弱,中立
距離×ダート含水率階層,1800×やや低,父ブロック,地極極,503,0.073558648111332,0.07632375943119257,0.9637712903495881,-0.2523785559854996,0.2644135188866799,0.22846887017803852,1.1573284302611155,2.324408286570222,58.76739562624253,中立,強
距離×ダート含水率階層,1400×低,父ブロック,地地地,1170,0.05726495726495726,0.06407028839405417,0.8937833541931044,-1.0242388526030495,0.16923076923076924,0.1911269885899514,0.8854362771018234,-2.2876600312030426,60.102564102564116,中立,弱
距離×ダート含水率階層,1700×標準,母母父ブロック,地極極,873,0.058419243986254296,0.07773821670877856,0.7514868035255216,-2.2702897631020553,0.2073310423825888,0.23049850405617278,0.899489752575843,-1.9080588792696989,51.24856815578466,弱,やや弱
距離×ダート含水率階層,1700×低,父ブロック,地地地,774,0.07235142118863049,0.07276406477796162,0.9943290195429529,-0.04719609976979781,0.2441860465116279,0.2160047245795665,1.1304662293239827,2.2413535087976144,92.89405684754526,中立,強
距離×ダート含水率階層,1800×標準,母父ブロック,極極地,2329,0.0639759553456419,0.07114572775248053,0.8992241328701759,-1.453126344087343,0.20395019321597252,0.21949581429475673,0.9291757743593766,-2.1809583876591336,63.89008158007729,中立,やや弱
距離×ダート含水率階層,1400×低,母父ブロック,極極極,1369,0.0679327976625274,0.06277796751305977,1.0821120904940935,0.8369334844231038,0.21183345507669832,0.19214070730469532,1.1024912838525904,2.1747097473592736,90.18991964937902,中立,強
距離×ダート含水率階層,1800×高,父ブロック,地地地,1693,0.06792675723567632,0.077597076512756,0.8753777885499333,-1.629059603187215,0.2108682811577082,0.22830991980619564,0.9236054278180595,-2.1037796402429074,46.47371529828706,やや弱,やや弱
距離×ダート含水率階層,1800×低,母父ブロック,極地地,570,0.07894736842105263,0.06796915969890957,1.1615174995656035,1.1234472219511284,0.17719298245614035,0.206982036795901,0.8560790356453263,-2.1034874617153423,125.08771929824563,中立,弱
距離×ダート含水率階層,1200×標準,父ブロック,地極極,908,0.07819383259911894,0.07264708816396429,1.0763519168536484,0.6919739071093555,0.24118942731277532,0.21741738936677166,1.1093382549355402,2.0774483376865027,86.64096916299559,中立,強
距離×ダート含水率階層,1200×やや高,父ブロック,地極極,863,0.07184241019698726,0.07007406951326947,1.0252353073826108,0.2196177631209756,0.23290845886442643,0.2092834026196553,1.1128854746676042,2.047758555574136,56.882966396292,中立,強
距離×ダート含水率階層,1800×高,母父ブロック,極極地,1964,0.06568228105906314,0.07335612846863752,0.895389143759744,-1.4097771855859782,0.20621181262729124,0.22196588142997237,0.929024818133361,-2.035083626140012,71.4969450101833,中立,やや弱
距離×ダート含水率階層,1400×やや高,母父ブロック,極極地,1407,0.052594171997157074,0.06450677960117703,0.8153278201505104,-1.9786589146598366,0.1890547263681592,0.19123862255662988,0.9885802556027928,-0.2533587546072401,61.15849324804545,やや弱,中立
距離×ダート含水率階層,1400×やや高,父ブロック,地バ極,1231,0.06986190089358245,0.07327250231053387,0.9534531876296916,-0.4955064739127514,0.19983753046303818,0.2190632501164799,0.9122366730009756,-1.9600784606327333,56.04386677497969,中立,やや弱
距離×ダート含水率階層,1200×標準,父ブロック,地地地,1550,0.06129032258064516,0.06163564952322623,0.994397285576573,-0.060491547953181485,0.17161290322580644,0.1878517615419764,0.913554931916136,-1.9286456441415558,96.49677419354839,中立,やや弱
距離×ダート含水率階層,1400×やや高,父ブロック,地地地,1162,0.0576592082616179,0.0647111565032248,0.8910242279280626,-1.0525491040459898,0.1764199655765921,0.19501603981230892,0.9046433603430034,-1.9081280593193184,57.8055077452668,中立,やや弱
距離×ダート含水率階層,1700×低,母父ブロック,極極地,902,0.05543237250554324,0.07076515816246963,0.7833286032976303,-1.8997603825088294,0.21175166297117518,0.21372672447740998,0.9907589398983019,-0.16837811413795276,69.50110864745014,やや弱,中立
距離×ダート含水率階層,1400×低,父ブロック,地地極,644,0.06521739130434782,0.06610450617980394,0.9865801149313004,-0.09764709178802025,0.17546583850931677,0.1991710088807975,0.8809808189219541,-1.8023105317240682,73.24534161490683,中立,やや弱
距離×ダート含水率階層,1200×やや低,母母父ブロック,地極極,974,0.07084188911704312,0.06955201696428899,1.018545431305269,0.1703158193244109,0.18788501026694046,0.20731926915910887,0.9062592735784081,-1.7901044825257975,50.215605749486656,中立,やや弱
距離×ダート含水率階層,1200×やや高,父ブロック,地地地,1511,0.05559232296492389,0.0661136756838437,0.8408596616344094,-1.7754341871483357,0.18795499669093316,0.19813643519602517,0.9486140017860972,-1.194722985314934,43.74586366644606,やや弱,中立
距離×ダート含水率階層,1800×やや低,母父ブロック,極極地,1850,0.08108108108108109,0.07601730761144312,1.0666134282934758,0.8944553573003813,0.24054054054054055,0.22642452906842359,1.0623431194941393,1.769887375871707,67.78918918918922,中立,やや強
距離×ダート含水率階層,1800×やや高,父ブロック,極極地,821,0.09135200974421437,0.07618374732878481,1.1991010280705694,1.7685364179751872,0.23751522533495736,0.23034757340335882,1.0311166808735917,0.5869608834266269,78.08769792935445,やや強,中立
距離×ダート含水率階層,1800×やや高,母父ブロック,地極極,1122,0.06951871657754011,0.08287668073133705,0.8388211975199668,-1.7665472710098333,0.23529411764705882,0.2472189908883265,0.9517639272030911,-1.13164630395758,58.82352941176472,やや弱,中立
距離×ダート含水率階層,1800×やや高,母父ブロック,バ極極,550,0.0890909090909091,0.07126100691689007,1.2502055885179058,1.75857471098149,0.23454545454545456,0.21534186458695564,1.0891772252243337,1.3257208176255488,91.40000000000002,やや強,中立
距離×ダート含水率階層,1600×低,父ブロック,地バ極,643,0.07309486780715396,0.07590458009802607,0.9629836264525337,-0.2937394328951724,0.24883359253499224,0.22498924460274392,1.1059799457274035,1.750770148234161,63.51477449455678,中立,やや強
距離×ダート含水率階層,1700×やや低,父ブロック,地地地,838,0.06682577565632458,0.0801726670752603,0.8335231706036843,-1.516905310079741,0.2171837708830549,0.2390037964036846,0.9087042722795289,-1.7475563262351852,54.02147971360382,やや弱,やや弱
距離×ダート含水率階層,1800×標準,父ブロック,地バ極,1933,0.08639420589756855,0.07671265396621108,1.1262054098092058,1.7404329959642248,0.23952405587170203,0.2311426053809626,1.0362609501477469,1.0631464035865976,97.48577340920848,やや強,中立
距離×ダート含水率階層,1200×やや低,父ブロック,地バ極,1000,0.075,0.07680903739876532,0.9764475970532811,-0.23315249779392894,0.205,0.22369692433312324,0.9164185006617244,-1.7326450891103795,55.89000000000001,中立,やや弱
距離×ダート含水率階層,1800×標準,母父ブロック,極極極,2026,0.07453109575518263,0.07813182743458394,0.9539146619549372,-0.6627932545476437,0.24234945705824285,0.22934819481514196,1.056687876935679,1.7193950481230598,83.6574531095755,中立,やや強
距離×ダート含水率階層,1400×やや低,母父ブロック,地極極,602,0.07807308970099668,0.06257256908205869,1.2477207000820176,1.6855060323885422,0.19269102990033224,0.1900627242805446,1.0138286222600286,0.19407604605027323,98.07308970099669,やや強,中立
距離×ダート含水率階層,1400×高,父ブロック,地地地,985,0.0751269035532995,0.06409788958599667,1.172065165304792,1.5119175762322674,0.17563451776649747,0.19356482562070543,0.9073679435470222,-1.68539182019938,68.87309644670052,やや強,やや弱
距離×ダート含水率階層,1600×やや低,父ブロック,地バ極,589,0.06451612903225806,0.08173515641329351,0.7893314439386706,-1.663013840089162,0.23429541595925296,0.24099401914544374,0.9722042762308218,-0.46833464386513585,33.921901528013585,やや弱,中立
距離×ダート含水率階層,1700×高,母父ブロック,極極地,1180,0.08220338983050847,0.07071561048018236,1.1624504020020514,1.6543529438564262,0.22627118644067798,0.21020724074771413,1.076419564025596,1.6081332774915496,99.55084745762713,やや強,やや強
距離×ダート含水率階層,1800×やや低,父ブロック,地バ極,1594,0.0740276035131744,0.08292279032136082,0.8927292874044178,-1.392725626679023,0.23337515683814303,0.24792590443130577,0.9413100957459877,-1.6420232863006339,42.917189460476784,中立,やや弱
距離×ダート含水率階層,1800×低,父ブロック,地極極,677,0.06499261447562776,0.06940897651422918,0.9363718893377424,-0.4895656877928863,0.18906942392909898,0.209910498661748,0.9007144718081369,-1.6217913098158052,55.967503692762186,中立,やや弱
距離×ダート含水率階層,1700×高,父ブロック,地地地,953,0.055613850996852045,0.06794446774629562,0.818519194300174,-1.6101609854217285,0.20566631689401887,0.20763250615319356,0.9905304362231028,-0.17500505663950663,67.50262329485834,やや弱,中立
距離×ダート含水率階層,1800×低,母母父ブロック,バ極極,529,0.08506616257088846,0.08003794759413238,1.0628228874914918,0.4606860568305861,0.2646502835538752,0.23987881282262175,1.1032666054987137,1.6097605595805042,78.71455576559546,中立,やや強
距離×ダート含水率階層,1400×低,母父ブロック,地極極,678,0.05604719764011799,0.07047222055540196,0.7953090905664921,-1.5956994955473303,0.18436578171091444,0.20372208077728735,0.9049867398147502,-1.529219282618886,46.56342182890855,やや弱,やや弱
距離×ダート含水率階層,1800×標準,父ブロック,地地地,1915,0.06631853785900783,0.07504826835757603,0.8836784553512361,-1.577021913132396,0.21827676240208876,0.22650680954569533,0.9636653433946929,-1.0477579360335143,75.82245430809404,やや弱,中立
距離×ダート含水率階層,1800×低,母父ブロック,地極極,1139,0.06672519754170325,0.07813243793067967,0.8540012229095282,-1.5617504779548186,0.2344161545215101,0.23190121828501026,1.0108448599584714,0.24583034965575057,51.26426690079015,やや弱,中立
距離×ダート含水率階層,1700×やや低,母母父ブロック,極極極,1856,0.08189655172413793,0.07354161316902791,1.1136083122885414,1.4721955383093572,0.23329741379310345,0.22051113699779024,1.0579847211773314,1.5606307428610504,87.16594827586206,中立,やや強
距離×ダート含水率階層,1800×高,父ブロック,地地極,561,0.0855614973262032,0.07002383731683912,1.2218910103292446,1.557901562092022,0.2281639928698752,0.21326500701368703,1.0698613713745921,1.0395809208108915,82.79857397504455,やや強,中立
距離×ダート含水率階層,1800×標準,父ブロック,極極地,723,0.07192254495159059,0.07560979729107287,0.9512331407887847,-0.40442123391459506,0.20885200553250347,0.22884167515487727,0.9126484736276946,-1.5547837489861307,72.00553250345781,中立,やや弱
距離×ダート含水率階層,1800×やや高,父ブロック,地地地,1903,0.0630583289542827,0.07152979586272083,0.8815672992455275,-1.551525397141089,0.21071991592222805,0.2189921187122076,0.962226025125358,-1.0584072302519363,61.53441933788755,やや弱,中立
距離×ダート含水率階層,1800×やや低,父ブロック,極極地,596,0.08221476510067115,0.07400590895854349,1.1109216312271237,0.8327224333367977,0.19798657718120805,0.21966218700623008,0.9013229808897092,-1.5303782918958584,99.93288590604024,中立,やや弱
距離×ダート含水率階層,1200×高,母母父ブロック,地極極,1268,0.0749211356466877,0.06680783709180893,1.1214423173695818,1.2494534316243533,0.2137223974763407,0.19945733958862807,1.071519343019082,1.5262849843980968,105.93059936908517,中立,やや強
距離×ダート含水率階層,1400×やや低,母父ブロック,極極地,1340,0.055970149253731345,0.06553954571769903,0.8539904975053335,-1.521157568129955,0.19925373134328359,0.19646447759701743,1.0141972420682959,0.30819835174458504,43.61194029850746,やや弱,中立
距離×ダート含水率階層,1700×高,母父ブロック,地極極,552,0.06159420289855073,0.07704254142382334,0.7994830097791188,-1.466205584299949,0.2028985507246377,0.2252704155406749,0.9006888465032473,-1.5050023181856218,49.20289855072463,中立,やや弱
