検証軸,ブロック,方向,信頼度,条件,3枝パターン,出走数,勝率,市場期待勝率,勝A_E,勝z,複勝率,市場期待複勝率,複勝A_E,複勝z,単勝回収率,勝期待判定,複勝期待判定,総合強度
競馬場×芝ダ×馬場状態,母母父ブロック,プラス,A,東京×芝×良,極極地,1485,0.07138047138047138,0.06457359895868496,1.1054126226748109,1.1529210899091455,0.22962962962962963,0.2047852139690506,1.1213193822886733,2.892049913505259,73.89898989898988,中立,強,2.892049913505259
競馬場×芝ダ×馬場状態,母母父ブロック,プラス,C,東京×ダ×良,地極地,449,0.08685968819599109,0.0770343447389081,1.127544973484021,0.8539009918431065,0.26057906458797325,0.22218935261828246,1.1727792601999416,2.4064784398032444,71.73719376391982,中立,強,2.4064784398032444
競馬場×芝ダ×馬場状態,母母父ブロック,プラス,C,京都×芝×稍重,地極極,435,0.10804597701149425,0.08087796036894383,1.3359137213477827,2.2261799540325087,0.2689655172413793,0.2507395735087738,1.0726887402636813,1.0550819787004246,154.25287356321837,強,中立,2.2261799540325087
競馬場×芝ダ×馬場状態,母母父ブロック,プラス,B,中京×芝×良,バ極極,737,0.09905020352781546,0.08014058166892961,1.235955635273572,2.0404340850930223,0.24559023066485752,0.23902160433686015,1.0274813080023513,0.5041718974553029,87.32700135685211,強,中立,2.0404340850930223
競馬場×芝ダ×馬場状態,母母父ブロック,プラス,C,函館×ダ×重,極極極,315,0.10793650793650794,0.08068004976739147,1.3378339285573015,1.922688607859522,0.2634920634920635,0.24435136455589193,1.07833268691157,0.9551014675998803,90.03174603174601,やや強,中立,1.922688607859522
競馬場×芝ダ×馬場状態,母母父ブロック,プラス,C,中京×ダ×不良,地極極,321,0.08722741433021806,0.07550037114863152,1.1553243116977592,0.8628350633576474,0.2554517133956386,0.22072299440221685,1.157340738727641,1.8148575443829245,75.14018691588785,中立,やや強,1.8148575443829245
競馬場×芝ダ×馬場状態,母母父ブロック,プラス,B,阪神×ダ×重,地極極,577,0.08492201039861352,0.0741586572613758,1.1451395364306796,1.051438811946607,0.2564991334488735,0.2299408553672187,1.1155004752819626,1.7933970306683205,149.32409012131717,中立,やや強,1.7933970306683205
競馬場×芝ダ×馬場状態,母母父ブロック,プラス,B,阪神×芝×稍重,地極極,715,0.0965034965034965,0.07990748251415646,1.2076903622436095,1.77258107699919,0.24195804195804196,0.23871379891325267,1.0135905132403686,0.24830782122429956,100.58741258741257,やや強,中立,1.77258107699919
競馬場×芝ダ×馬場状態,母母父ブロック,プラス,C,阪神×ダ×良,地極地,365,0.09315068493150686,0.07166121194981231,1.299875935628114,1.7466007931781238,0.2136986301369863,0.2088786844604019,1.0230753352791158,0.2781142113835593,63.42465753424658,やや強,中立,1.7466007931781238
競馬場×芝ダ×馬場状態,母母父ブロック,プラス,C,中京×ダ×良,地地極,340,0.10882352941176471,0.08464700487306642,1.2856158298211795,1.7340932191315799,0.26176470588235295,0.25083378259542694,1.0435783536564396,0.5606165378797793,94.0,やや強,中立,1.7340932191315799
競馬場×芝ダ×馬場状態,母母父ブロック,プラス,C,東京×ダ×良,地バ極,475,0.08421052631578947,0.07334001213116255,1.1482207851995703,0.9881526894013646,0.24,0.2139601062688268,1.1217044344633844,1.6748326289434345,90.50526315789475,中立,やや強,1.6748326289434345
競馬場×芝ダ×馬場状態,母母父ブロック,プラス,C,小倉×ダ×良,極極地,367,0.09264305177111716,0.07187010026695097,1.289034681000974,1.6287905636537192,0.24250681198910082,0.21827663052100468,1.111006759680416,1.3037151472368562,96.23978201634881,やや強,中立,1.6287905636537192
競馬場×芝ダ×馬場状態,母母父ブロック,プラス,B,京都×ダ×稍重,極極極,1519,0.07702435813034891,0.06769697935279878,1.1377813141254214,1.5646132311202792,0.2139565503620803,0.20599235822958709,1.0386625610820805,0.9256213434662287,87.61026991441733,やや強,中立,1.5646132311202792
競馬場×芝ダ×馬場状態,母母父ブロック,プラス,B,福島×芝×良,極極地,793,0.07818411097099622,0.07061473277340304,1.1071926197311077,0.8855967945370374,0.23455233291298866,0.2153753471364027,1.0890398368780838,1.5542698444132246,85.40983606557374,中立,やや強,1.5542698444132246
競馬場×芝ダ×馬場状態,母母父ブロック,マイナス,B,中山×芝×稍重,地極極,672,0.05505952380952381,0.07827973203265354,0.7033688335386269,-2.4157843680324556,0.18154761904761904,0.23164322906923507,0.7837380776338465,-3.6979244325971647,43.363095238095234,弱,弱,3.6979244325971647
競馬場×芝ダ×馬場状態,母母父ブロック,マイナス,C,東京×芝×良,極極バ,341,0.08797653958944282,0.09421536571428653,0.9337812247763989,-0.4389700806275167,0.21994134897360704,0.2645900101028886,0.8312534131129159,-2.4024766163373354,113.07917888563048,中立,弱,2.4024766163373354
競馬場×芝ダ×馬場状態,母母父ブロック,マイナス,B,福島×芝×良,地極極,2176,0.07123161764705882,0.07126756258529583,0.9994956339611869,-0.0069616852996071685,0.19715073529411764,0.2129918215579773,0.9256258472837764,-2.1267569608372425,76.36488970588236,中立,やや弱,2.1267569608372425
競馬場×芝ダ×馬場状態,母母父ブロック,マイナス,C,中山×ダ×良,地地極,403,0.05955334987593052,0.07428421193219475,0.8016959233583808,-1.2293982298880712,0.18362282878411912,0.21943906788951936,0.8367827595611526,-2.097082249532891,34.44168734491315,中立,弱,2.097082249532891
競馬場×芝ダ×馬場状態,母母父ブロック,マイナス,B,京都×ダ×稍重,地極極,657,0.0669710806697108,0.07717150395357596,0.8678213749727954,-1.0668641489667667,0.2009132420091324,0.2282368980798966,0.8802837915313795,-2.0398784558623513,54.32267884322679,中立,弱,2.0398784558623513
競馬場×芝ダ×馬場状態,母母父ブロック,マイナス,C,小倉×芝×良,極地極,300,0.04666666666666667,0.060523914808675854,0.7710450788615741,-1.0612019133570585,0.15333333333333332,0.19272938688965557,0.7955887568984076,-1.9925489252739752,67.10000000000001,中立,やや弱,1.9925489252739752
競馬場×芝ダ×馬場状態,母母父ブロック,マイナス,B,新潟×芝×稍重,地極極,690,0.05217391304347826,0.06921837074458528,0.7537581783887863,-1.8941025714608342,0.2,0.2048631643066089,0.976261401979858,-0.37392734926868554,71.97101449275361,やや弱,中立,1.8941025714608342
競馬場×芝ダ×馬場状態,母母父ブロック,マイナス,C,東京×ダ×良,地地極,433,0.04849884526558892,0.06919755924905334,0.70087508565199,-1.8627672915237299,0.18475750577367206,0.2034929650235632,0.9079306783518452,-1.187108728218097,32.86374133949192,やや弱,中立,1.8627672915237299
競馬場×芝ダ×馬場状態,母母父ブロック,マイナス,C,阪神×芝×良,地バ極,417,0.07673860911270983,0.09921980081867783,0.7734203100543214,-1.671615442897927,0.2589928057553957,0.2912734312075815,0.8891741504937318,-1.7808771348579058,70.19184652278176,やや弱,やや弱,1.7808771348579058
競馬場×芝ダ×馬場状態,母母父ブロック,マイナス,B,東京×ダ×良,バ極極,819,0.05982905982905983,0.07434457652365817,0.804753522404164,-1.718828969106034,0.20146520146520147,0.22001299925411844,0.9156968094985425,-1.5531736375339116,50.83028083028083,やや弱,やや弱,1.718828969106034
競馬場×芝ダ×馬場状態,母母父ブロック,マイナス,B,小倉×芝×良,極極地,746,0.05227882037533512,0.06507078184122624,0.803414664709213,-1.5160821151023949,0.18096514745308312,0.20182211664161281,0.8966566720456776,-1.6770107317858018,28.123324396782845,やや弱,やや弱,1.6770107317858018
競馬場×芝ダ×馬場状態,母母父ブロック,混合,C,中山×ダ×良,極バ極,368,0.08695652173913043,0.06246848161906082,1.392006328397738,2.098334438261927,0.1793478260869565,0.18887425056930554,0.949562079247783,-0.5517220675557448,110.97826086956522,強,中立,2.098334438261927
競馬場×芝ダ×馬場状態,母母父ブロック,混合,B,中山×芝×稍重,極極極,1414,0.06506364922206506,0.06895920633697063,0.9435092524721087,-0.6227568937596103,0.22418670438472418,0.20721828787880456,1.0818866745769269,1.8997141847908017,51.485148514851495,中立,やや強,1.8997141847908017
競馬場×芝ダ×馬場状態,母母父ブロック,混合,B,新潟×芝×良,極極地,1012,0.0533596837944664,0.06687322825760371,0.7979229533965145,-1.8692539087398632,0.20553359683794467,0.19970300953871123,1.0291962915967132,0.5612719225522256,53.77470355731223,やや弱,中立,1.8692539087398632
競馬場×芝ダ×馬場状態,母母父ブロック,混合,B,中京×ダ×良,地極極,2923,0.07937050975025658,0.07121931049838291,1.1144520944506864,1.8511568886581506,0.21040027369141293,0.21335347300359186,0.9861581849566179,-0.46891668930073555,71.17687307560722,やや強,中立,1.8511568886581506
競馬場×芝ダ×馬場状態,母母父ブロック,混合,C,新潟×ダ×良,バ極極,390,0.08974358974358974,0.07693937603885281,1.1664195157791644,1.0138925402053138,0.2,0.23127767555160433,0.8647613719006553,-1.7463917088353038,76.74358974358975,中立,やや弱,1.7463917088353038
競馬場×芝ダ×馬場状態,母母父ブロック,混合,B,中山×ダ×良,極極地,1318,0.057663125948406675,0.06821928733447409,0.8452613359281907,-1.6462651685232832,0.2101669195751138,0.20598378977610798,1.0203080533839708,0.4556884931473915,48.12594840667678,やや弱,中立,1.6462651685232832
競馬場×芝ダ×馬場状態,母母父ブロック,混合,B,京都×芝×良,バ極極,640,0.0640625,0.08018301129757105,0.7989535309699777,-1.6128467066824996,0.2421875,0.23784817355352042,1.0182441024526225,0.31040546408313685,57.35937499999999,やや弱,中立,1.6128467066824996
競馬場×芝ダ×馬場状態,母母父ブロック,混合,B,東京×ダ×重,地極極,677,0.07385524372230429,0.06766876964103503,1.0914228840584344,0.6978591715122858,0.17872968980797638,0.19865070560717982,0.8997183738244752,-1.5925398917722524,145.2437223042836,中立,やや弱,1.5925398917722524
競馬場×芝ダ×馬場状態,母母父ブロック,混合,C,小倉×芝×良,地地極,349,0.09169054441260745,0.08291204671838764,1.1058772282396565,0.6430183066315369,0.21203438395415472,0.2408505681117888,0.8803565863118111,-1.5420690437396716,53.15186246418339,中立,やや弱,1.5420690437396716
競馬場×芝ダ×馬場状態,母母父ブロック,混合,B,東京×ダ×良,極地極,634,0.04889589905362776,0.06221447103851852,0.7859248537748573,-1.5079076530253799,0.18769716088328076,0.18571646409911596,1.0106651652763952,0.1582259362469151,23.8801261829653,やや弱,中立,1.5079076530253799
競馬場×芝ダ×馬場状態,母父ブロック,プラス,A,中山×ダ×良,極地地,900,0.08888888888888889,0.06905647411515038,1.2871912449608756,2.51507085397619,0.2222222222222222,0.2124563366521504,1.0459665535232365,0.858832763785279,144.6888888888889,強,中立,2.51507085397619
競馬場×芝ダ×馬場状態,母父ブロック,プラス,B,中京×ダ×良,極地地,758,0.09366754617414248,0.07243936000582554,1.293047676934332,2.4344650551919558,0.22163588390501318,0.21722441377403878,1.0203083532570298,0.35608307678439427,110.62005277044858,強,中立,2.4344650551919558
競馬場×芝ダ×馬場状態,母父ブロック,プラス,B,京都×ダ×良,バ極極,645,0.08372093023255814,0.07095953971228613,1.179840379066924,1.368232637404571,0.24496124031007752,0.21343135302717633,1.1477284702350476,2.3789517265827618,71.50387596899222,中立,強,2.3789517265827618
競馬場×芝ダ×馬場状態,母父ブロック,プラス,B,中山×芝×良,極地極,610,0.08032786885245902,0.06482616454538442,1.2391272785577487,1.6816878969484454,0.22459016393442624,0.1949526450739647,1.1520241946407914,2.251552492242202,103.2295081967213,やや強,強,2.251552492242202
競馬場×芝ダ×馬場状態,母父ブロック,プラス,B,小倉×芝×良,バ極極,617,0.08752025931928688,0.07273533471555631,1.2032701803263774,1.5134348846371308,0.24959481361426256,0.21935011437715274,1.1378832161678603,2.166926436886206,60.09724473257698,やや強,強,2.166926436886206
競馬場×芝ダ×馬場状態,母父ブロック,プラス,C,福島×芝×良,極地極,435,0.07126436781609195,0.06661384805539561,1.0698131078815476,0.41251078479897685,0.23908045977011494,0.20399793865645824,1.171974880455715,2.125727933806012,120.27586206896552,中立,強,2.125727933806012
競馬場×芝ダ×馬場状態,母父ブロック,プラス,C,阪神×ダ×不良,極極地,408,0.07352941176470588,0.06106750747910979,1.2040676752667385,1.1364791144872046,0.22303921568627452,0.1888507099304716,1.181034563059837,2.1205248492664013,65.93137254901961,中立,強,2.1205248492664013
競馬場×芝ダ×馬場状態,母父ブロック,プラス,C,新潟×ダ×良,極地極,337,0.08605341246290801,0.06446561921472554,1.3348729681208318,1.7209914197951324,0.2344213649851632,0.19800170516594987,1.1839360918063264,1.983341642094866,130.65281899109794,やや強,やや強,1.983341642094866
競馬場×芝ダ×馬場状態,母父ブロック,プラス,C,中京×ダ×不良,極極極,364,0.08516483516483517,0.07610987475425915,1.118972215363806,0.6986175022247842,0.26373626373626374,0.22894437676280643,1.1519665495409952,1.8814813525282283,83.29670329670328,中立,やや強,1.8814813525282283
競馬場×芝ダ×馬場状態,母父ブロック,プラス,B,阪神×ダ×重,極極極,710,0.09014084507042254,0.07416749064495189,1.2153686781980653,1.7624933836807373,0.23661971830985915,0.22025181731142973,1.0743144878359197,1.2645112896210984,144.169014084507,やや強,中立,1.7624933836807373
競馬場×芝ダ×馬場状態,母父ブロック,プラス,C,中京×芝×良,極極バ,362,0.09944751381215469,0.07709955722567584,1.2898584296802744,1.7181310449255784,0.2541436464088398,0.22869459530938965,1.1112796350303835,1.3975185151134917,59.86187845303866,やや強,中立,1.7181310449255784
競馬場×芝ダ×馬場状態,母父ブロック,プラス,C,京都×ダ×良,極地極,425,0.09176470588235294,0.07188705239677147,1.2765122900834671,1.7123745169471287,0.24,0.21840493545414513,1.0988762662389047,1.3002365699769864,90.11764705882352,やや強,中立,1.7123745169471287
競馬場×芝ダ×馬場状態,母父ブロック,プラス,C,新潟×芝×良,極極バ,387,0.09819121447028424,0.07749762559335123,1.2670222309199157,1.6449357645841187,0.24031007751937986,0.22724694430890516,1.057484307435692,0.735570896365734,91.11111111111111,やや強,中立,1.6449357645841187
競馬場×芝ダ×馬場状態,母父ブロック,プラス,B,札幌×芝×良,極極地,1521,0.0861275476660092,0.08174663974331295,1.0535912905588836,0.6740367279101089,0.2596975673898751,0.24467392456838744,1.0614027132151078,1.641687336238869,69.11242603550292,中立,やや強,1.641687336238869
競馬場×芝ダ×馬場状態,母父ブロック,プラス,C,京都×芝×良,極地極,473,0.06765327695560254,0.05996365067168413,1.1282381275619962,0.7505154759159681,0.2135306553911205,0.18908372966566087,1.129291535388512,1.6057683313750128,76.68076109936574,中立,やや強,1.6057683313750128
競馬場×芝ダ×馬場状態,母父ブロック,プラス,B,中京×芝×良,地地極,545,0.09541284403669725,0.08537590149700205,1.1175617752047706,0.905342122196555,0.27706422018348625,0.2524753946841802,1.097390977564622,1.6039196833831664,70.62385321100918,中立,やや強,1.6039196833831664
競馬場×芝ダ×馬場状態,母父ブロック,プラス,B,東京×芝×良,バ極極,1073,0.07735321528424977,0.07651296104424135,1.010981854950334,0.1144533759637329,0.23951537744641194,0.2235048551687231,1.071633890304542,1.603644001556251,50.88536812674742,中立,やや強,1.603644001556251
競馬場×芝ダ×馬場状態,母父ブロック,プラス,C,中京×ダ×重,極極極,423,0.08037825059101655,0.06689754663506144,1.2015126807189933,1.1895732656573383,0.23167848699763594,0.20521272722364012,1.1289674384822805,1.5965037702102114,71.11111111111113,中立,やや強,1.5965037702102114
競馬場×芝ダ×馬場状態,母父ブロック,プラス,B,小倉×芝×稍重,極極地,990,0.07878787878787878,0.06725480916664016,1.171483195984731,1.530832680331476,0.21818181818181817,0.20530655319768285,1.0627123917069425,1.1676815284008,88.81818181818184,やや強,中立,1.530832680331476
競馬場×芝ダ×馬場状態,母父ブロック,プラス,B,函館×芝×良,極極極,1196,0.08444816053511706,0.07372918854991914,1.1453830185305856,1.5099501318103599,0.23745819397993312,0.22454042702694568,1.057529804873121,1.258743756284629,86.93143812709029,やや強,中立,1.5099501318103599
競馬場×芝ダ×馬場状態,母父ブロック,プラス,B,福島×芝×良,極地地,621,0.07890499194847021,0.07571199100229482,1.0421729887684317,0.3206393293874766,0.2463768115942029,0.22489803859081828,1.095504492337807,1.5029953508929565,66.05475040257646,中立,やや強,1.5029953508929565
競馬場×芝ダ×馬場状態,母父ブロック,マイナス,C,東京×ダ×良,地極地,492,0.06504065040650407,0.08117294085780652,0.8012602441057056,-1.4433555797049948,0.18902439024390244,0.23021355783827868,0.8210827894710225,-2.701802087776236,50.44715447154471,中立,弱,2.701802087776236
競馬場×芝ダ×馬場状態,母父ブロック,マイナス,C,新潟×芝×稍重,地極極,350,0.06,0.06452817059289784,0.9298264532948618,-0.36781405591404864,0.1457142857142857,0.19451039853457897,0.7491336546122055,-2.6657984159249644,68.14285714285714,中立,弱,2.6657984159249644
競馬場×芝ダ×馬場状態,母父ブロック,マイナス,B,中山×芝×良,地地極,532,0.08458646616541353,0.08500239349779046,0.9951068750506685,-0.03683524693463774,0.21428571428571427,0.2511854004479849,0.8530978070522387,-2.365100782180266,76.40977443609019,中立,弱,2.365100782180266
競馬場×芝ダ×馬場状態,母父ブロック,マイナス,C,中京×ダ×重,極極地,417,0.045563549160671464,0.0676361598589752,0.6736566543055336,-1.9457161016125666,0.1630695443645084,0.20058483768781207,0.8129704430516725,-2.327700633746479,63.06954436450839,やや弱,弱,2.327700633746479
競馬場×芝ダ×馬場状態,母父ブロック,マイナス,B,東京×ダ×稍重,極極地,1367,0.061448427212874905,0.06704117755198298,0.9165773850739494,-0.8966328575652839,0.18141916605705927,0.200158777226121,0.9063762707348505,-2.1042507230040064,53.49670811997071,中立,やや弱,2.1042507230040064
競馬場×芝ダ×馬場状態,母父ブロック,マイナス,B,小倉×芝×良,極極極,2408,0.057724252491694356,0.0675955202096242,0.853965652053309,-2.0615669646897277,0.19975083056478404,0.20675540431595577,0.9661214478318177,-1.0029694862758392,72.9360465116279,弱,中立,2.0615669646897277
競馬場×芝ダ×馬場状態,母父ブロック,マイナス,B,京都×ダ×稍重,極極極,762,0.05511811023622047,0.0721257682294556,0.764194428555295,-1.9546063079609965,0.2073490813648294,0.21890034629186356,0.947230485822838,-0.931658350661876,41.02362204724411,やや弱,中立,1.9546063079609965
競馬場×芝ダ×馬場状態,母父ブロック,マイナス,B,東京×芝×良,地地極,762,0.06692913385826772,0.08392491306035235,0.7974882715712487,-1.8476536335178533,0.23622047244094488,0.24983328377188957,0.9455124188201686,-1.080388291418827,47.88713910761156,やや弱,中立,1.8476536335178533
競馬場×芝ダ×馬場状態,母父ブロック,マイナス,C,新潟×芝×良,地バ極,463,0.056155507559395246,0.07349055520549576,0.7641187007278976,-1.5166906222089598,0.19438444924406048,0.22458968093650244,0.8655092630859482,-1.840988814701762,61.12311015118791,やや弱,やや弱,1.840988814701762
競馬場×芝ダ×馬場状態,母父ブロック,マイナス,B,小倉×芝×良,極地地,661,0.07564296520423601,0.08481870447094084,0.8918193890847689,-0.9168908876480262,0.22087745839636913,0.24501142929763733,0.9014985914312165,-1.7448950177865337,49.59152798789714,中立,やや弱,1.7448950177865337
競馬場×芝ダ×馬場状態,母父ブロック,マイナス,B,中京×ダ×良,地極極,1610,0.059006211180124224,0.06926443274797175,0.8518977033252624,-1.7437910220489259,0.2080745341614907,0.21145241174658988,0.9840253532357562,-0.3957070940824949,55.06211180124223,やや弱,中立,1.7437910220489259
競馬場×芝ダ×馬場状態,母父ブロック,マイナス,C,札幌×ダ×良,地極極,459,0.07625272331154684,0.08253330887690348,0.9239024140577716,-0.5217376119019469,0.2178649237472767,0.24729504827964657,0.8809918567431658,-1.737637159364238,64.79302832244011,中立,やや弱,1.737637159364238
競馬場×芝ダ×馬場状態,母父ブロック,マイナス,B,札幌×芝×良,地極極,778,0.07197943444730077,0.07274117890711114,0.9895280160253782,-0.08741122096301723,0.20179948586118251,0.22339769781202082,0.903319451532521,-1.7129562522441362,90.92544987146529,中立,やや弱,1.7129562522441362
競馬場×芝ダ×馬場状態,母父ブロック,マイナス,B,函館×ダ×良,極極極,723,0.06500691562932227,0.08115328222172474,0.8010386499428597,-1.7041155498884895,0.22268326417704012,0.24219630026614206,0.9194329720658009,-1.4536014262758186,78.58921161825728,やや弱,中立,1.7041155498884895
競馬場×芝ダ×馬場状態,母父ブロック,マイナス,B,中山×ダ×稍重,極極地,1657,0.06336753168376584,0.06566673745576841,0.9649867518764541,-0.4091761131956231,0.18467109233554616,0.19844283641804947,0.9306009512306552,-1.6935111527498636,98.5033192516596,中立,やや弱,1.6935111527498636
競馬場×芝ダ×馬場状態,母父ブロック,マイナス,C,札幌×芝×良,バ極極,350,0.05142857142857143,0.07349688620151607,0.6997380989388171,-1.6783323136400514,0.2,0.22838510997667108,0.875713832746931,-1.47857175914685,43.48571428571428,やや弱,中立,1.6783323136400514
競馬場×芝ダ×馬場状態,母父ブロック,マイナス,C,京都×ダ×良,極極バ,332,0.06325301204819277,0.07861705682347754,0.8045711020474557,-1.1299309398546873,0.20180722891566266,0.2333384826207085,0.864869037670482,-1.6456377530184572,53.825301204819276,中立,やや弱,1.6456377530184572
競馬場×芝ダ×馬場状態,母父ブロック,マイナス,B,阪神×芝×良,地極地,582,0.08419243986254296,0.0965336298534437,0.8721565737283784,-1.0984335353026964,0.25601374570446733,0.2802441980284956,0.9135380768112656,-1.5975271429840485,63.33333333333331,中立,やや弱,1.5975271429840485
競馬場×芝ダ×馬場状態,母父ブロック,マイナス,B,中京×ダ×良,極地極,569,0.056239015817223195,0.07191047074911355,0.7820699159853082,-1.5772767677407629,0.2038664323374341,0.21308272538303727,0.9567478169380649,-0.6535675389478184,45.061511423550094,やや弱,中立,1.5772767677407629
競馬場×芝ダ×馬場状態,母父ブロック,マイナス,C,中京×芝×良,地バ極,499,0.08216432865731463,0.08963038122536567,0.916701764892883,-0.6300828438218542,0.24048096192384769,0.26468920647956745,0.9085408699595444,-1.5098523686803593,49.67935871743486,中立,やや弱,1.5098523686803593
競馬場×芝ダ×馬場状態,母父ブロック,混合,B,福島×芝×良,地地地,703,0.06401137980085349,0.06964588154991022,0.9190978472284985,-0.6226432406813581,0.2460881934566145,0.2133242564406379,1.153587489592839,2.495458657809044,69.27453769559034,中立,強,2.495458657809044
競馬場×芝ダ×馬場状態,母父ブロック,混合,C,中山×ダ×稍重,極地地,306,0.06535947712418301,0.06396616505981557,1.0217820165249007,0.10840629567874942,0.15359477124183007,0.19038737419501717,0.806748724232628,-1.9689316738749143,54.738562091503276,中立,やや弱,1.9689316738749143
競馬場×芝ダ×馬場状態,母父ブロック,混合,B,東京×芝×良,極極バ,587,0.08347529812606473,0.08525760578025986,0.9790950304329589,-0.16868677220047174,0.27597955706984667,0.251044113011827,1.0993269420217193,1.7389071337119233,62.87904599659284,中立,やや強,1.7389071337119233
競馬場×芝ダ×馬場状態,母父ブロック,混合,C,中京×芝×良,地極地,499,0.11623246492985972,0.09586608650139716,1.2124461232509551,1.6727033407830831,0.2685370741482966,0.27714331842458745,0.9689465929569842,-0.5247470414052794,79.17835671342684,やや強,中立,1.6727033407830831
競馬場×芝ダ×馬場状態,母父ブロック,混合,B,中山×ダ×良,極極極,3959,0.05834806769386209,0.06380764063205216,0.914437003404141,-1.5197697762450162,0.1942409699419045,0.19215544649177793,1.0108533142734304,0.4010322598997005,64.18034857287195,やや弱,中立,1.5197697762450162
競馬場×芝ダ×馬場状態,父ブロック,プラス,C,阪神×ダ×良,バ極地,442,0.10633484162895927,0.08550019706400272,1.243679491748544,1.7009057804921304,0.31221719457013575,0.2529253940953409,1.2344240707299032,3.4590147518365253,125.15837104072396,やや強,強,3.4590147518365253
競馬場×芝ダ×馬場状態,父ブロック,プラス,A,新潟×芝×良,地極地,971,0.0690010298661174,0.061211192988239356,1.1272616411736123,1.0816935146095494,0.22451081359423275,0.19031113894954352,1.1797040090951085,3.188345171047081,91.1946446961895,中立,強,3.188345171047081
競馬場×芝ダ×馬場状態,父ブロック,プラス,A,中山×ダ×良,地極極,1775,0.08,0.07295628693789814,1.096547033267984,1.2366475560488517,0.23830985915492958,0.21737092867606964,1.0963281088524195,2.5902546170730703,68.38873239436619,中立,やや強,2.5902546170730703
競馬場×芝ダ×馬場状態,父ブロック,プラス,B,福島×芝×良,地極地,901,0.08990011098779134,0.07131228729793564,1.260653870379976,2.2946271183903373,0.23751387347391786,0.21687138250015964,1.0951831022414542,1.7353364631574162,84.52830188679246,強,やや強,2.2946271183903373
競馬場×芝ダ×馬場状態,父ブロック,プラス,B,中山×ダ×良,地地バ,676,0.07248520710059171,0.0642872612692854,1.1275205331421243,0.9458020602004643,0.22337278106508876,0.19492334350042198,1.145951926812733,2.2444808157158787,91.0059171597633,中立,強,2.2444808157158787
競馬場×芝ダ×馬場状態,父ブロック,プラス,C,中京×ダ×稍重,極極地,323,0.10835913312693499,0.07803275037915956,1.3886365993819278,2.2018950126106405,0.22910216718266255,0.2271783951790664,1.008468111600488,0.1016091207861942,179.62848297213628,強,中立,2.2018950126106405
競馬場×芝ダ×馬場状態,父ブロック,プラス,B,阪神×芝×稍重,地バ極,607,0.09719934102141681,0.07568709067441165,1.2842261494704015,2.1606723420085263,0.24052718286655683,0.23079853720827267,1.04215211143,0.6983549547594368,120.70840197693575,強,中立,2.1606723420085263
競馬場×芝ダ×馬場状態,父ブロック,プラス,B,札幌×芝×稍重,地バ極,504,0.08928571428571429,0.08485514650099617,1.0522133066456507,0.3857724352025929,0.2876984126984127,0.2527171956322662,1.1384204069637127,2.154741074491436,129.46428571428578,中立,強,2.154741074491436
競馬場×芝ダ×馬場状態,父ブロック,プラス,B,阪神×ダ×良,地地極,1413,0.08421797593772117,0.07162523124300162,1.1758143670349401,1.9910767460316865,0.2222222222222222,0.21449853908590513,1.0360080920328498,0.8624509261972483,66.97098372257607,やや強,中立,1.9910767460316865
競馬場×芝ダ×馬場状態,父ブロック,プラス,C,中京×芝×稍重,地地地,390,0.08461538461538462,0.07542412332077918,1.1218610292030171,0.7362961500244003,0.26153846153846155,0.22712070330509967,1.1515395018266001,1.934085264748573,96.99999999999996,中立,やや強,1.934085264748573
競馬場×芝ダ×馬場状態,父ブロック,プラス,B,新潟×ダ×良,地極極,803,0.07970112079701121,0.07073354637101603,1.126779652457377,1.0625026177919241,0.23536737235367372,0.21165639356067856,1.1120258093512192,1.9336419804744376,138.87920298879197,中立,やや強,1.9336419804744376
競馬場×芝ダ×馬場状態,父ブロック,プラス,C,東京×ダ×良,バ極地,399,0.09273182957393483,0.07066426340667897,1.3122875001223053,1.8393548086251086,0.2506265664160401,0.21699344011887217,1.1549960509347343,1.9288442091902547,104.06015037593986,やや強,やや強,1.9288442091902547
競馬場×芝ダ×馬場状態,父ブロック,プラス,C,中京×芝×重,地バ極,308,0.10064935064935066,0.07361471102406662,1.3672450689434301,1.9223810273920938,0.23376623376623376,0.22591353691947752,1.0347597446077577,0.3842886039466748,65.29220779220776,やや強,中立,1.9223810273920938
競馬場×芝ダ×馬場状態,父ブロック,プラス,C,京都×ダ×良,バ極地,384,0.10416666666666667,0.08895865659374506,1.1709559322863126,1.143819518905096,0.2916666666666667,0.25773830441410206,1.1316388044442658,1.8654387118671363,115.91145833333331,中立,やや強,1.8654387118671363
競馬場×芝ダ×馬場状態,父ブロック,プラス,B,中山×ダ×良,地地極,1571,0.0674729471674093,0.06438513347447487,1.0479584886495354,0.5395788387614157,0.21069382558879696,0.19546995549406956,1.0778834274364444,1.8327729437371858,108.07129217059202,中立,やや強,1.8327729437371858
競馬場×芝ダ×馬場状態,父ブロック,プラス,B,阪神×ダ×良,極極極,683,0.07174231332357248,0.06961575198377232,1.03054712876327,0.23224078146761182,0.24011713030746706,0.21583281861605633,1.112514453766227,1.8199099365267222,89.56076134699853,中立,やや強,1.8199099365267222
競馬場×芝ダ×馬場状態,父ブロック,プラス,B,新潟×芝×良,地地地,3693,0.0834010289737341,0.07626993274577876,1.0934981318486874,1.7613377985004388,0.22962361223937178,0.2244677125409374,1.0229694491028152,0.8992568707027014,91.96588139723808,やや強,中立,1.7613377985004388
競馬場×芝ダ×馬場状態,父ブロック,プラス,B,中山×芝×良,地バ極,3538,0.07801017524024872,0.0711427780803288,1.0965297862302454,1.7150914521116667,0.2190503109101187,0.2150325851488106,1.01868426479888,0.7023090306063356,75.11305822498588,やや強,中立,1.7150914521116667
競馬場×芝ダ×馬場状態,父ブロック,プラス,B,東京×芝×良,地地極,624,0.06891025641025642,0.0545504060845555,1.26324002617767,1.7139159266180133,0.16987179487179488,0.16964327656944367,1.0013470519255012,0.018676522731743934,64.15064102564104,やや強,中立,1.7139159266180133
競馬場×芝ダ×馬場状態,父ブロック,プラス,B,京都×ダ×良,極極地,642,0.08411214953271028,0.06823997134489415,1.2325935646660222,1.7130846234453405,0.22429906542056074,0.20788394027411358,1.0789629305890698,1.2284486738282898,62.912772585669764,やや強,中立,1.7130846234453405
競馬場×芝ダ×馬場状態,父ブロック,プラス,B,東京×ダ×良,地極極,1628,0.07309582309582309,0.06367270303476497,1.1479930898475152,1.6782299211902378,0.1984029484029484,0.19244643872192996,1.030951519397172,0.7348900326281047,66.42506142506146,やや強,中立,1.6782299211902378
競馬場×芝ダ×馬場状態,父ブロック,プラス,B,福島×芝×良,地バ極,2398,0.08340283569641367,0.07506815420811637,1.1110281926633034,1.6618479101913701,0.23019182652210174,0.22318628364436424,1.0313887697906226,0.9803488159214996,99.00333611342785,やや強,中立,1.6618479101913701
競馬場×芝ダ×馬場状態,父ブロック,プラス,B,中山×芝×良,地極極,762,0.06430446194225722,0.056521067671484175,1.1377078422511806,0.9933359142486179,0.1942257217847769,0.17587016382881293,1.104369937210218,1.5817343666021773,106.99475065616795,中立,やや強,1.5817343666021773
競馬場×芝ダ×馬場状態,父ブロック,プラス,C,東京×芝×良,バ地地,331,0.06646525679758308,0.06478850152541067,1.0258804453366586,0.13156527303800022,0.23564954682779457,0.2067071211745735,1.140016587182683,1.5472967335795036,37.220543806646525,中立,やや強,1.5472967335795036
競馬場×芝ダ×馬場状態,父ブロック,プラス,B,京都×芝×良,地バ極,2881,0.08851093370357514,0.08133960025259694,1.0881653392530564,1.513570485295684,0.2533842415827838,0.24316859891072007,1.0420105339168992,1.5392284949362978,75.09545296771955,やや強,中立,1.5392284949362978
競馬場×芝ダ×馬場状態,父ブロック,プラス,C,札幌×芝×良,地地バ,306,0.10784313725490197,0.0856125407303623,1.2596651884746088,1.505667467948995,0.2679738562091503,0.25303495436340945,1.059038886083247,0.7327351919152182,89.15032679738563,やや強,中立,1.505667467948995
競馬場×芝ダ×馬場状態,父ブロック,マイナス,A,中山×ダ×良,地地地,3656,0.058807439824945296,0.06550118468332301,0.8978072703457226,-1.7703023371012299,0.18025164113785558,0.19821378610693613,0.9093799411137327,-3.2846704418693156,54.36269146608315,やや弱,やや弱,3.2846704418693156
競馬場×芝ダ×馬場状態,父ブロック,マイナス,A,東京×ダ×良,極極地,1257,0.05171042163882259,0.06375101697036824,0.8111309292972978,-1.8802792391970846,0.16388225934765313,0.19291711499941325,0.8494956984410201,-3.12656126059214,52.752585521081926,やや弱,弱,3.12656126059214
競馬場×芝ダ×馬場状態,父ブロック,マイナス,B,中山×芝×良,地地バ,564,0.06560283687943262,0.06674034261261937,0.9829562497185674,-0.11633469717683594,0.16312056737588654,0.20424474799785375,0.7986524450440246,-2.923008212514247,56.471631205673745,中立,弱,2.923008212514247
競馬場×芝ダ×馬場状態,父ブロック,マイナス,B,東京×芝×良,極極地,2542,0.08457907159716758,0.09272981430315297,0.9121022427658605,-1.5495944954305714,0.25255704169944926,0.26926331871125897,0.9379556150025601,-2.371095809727364,75.36978756884344,やや弱,やや弱,2.371095809727364
競馬場×芝ダ×馬場状態,父ブロック,マイナス,B,札幌×芝×良,極極地,767,0.061277705345501955,0.08217943597337095,0.7456574095417022,-2.248625446483648,0.23859191655801826,0.24648592305694733,0.9679738039356297,-0.5975097439170989,45.42372881355931,弱,中立,2.248625446483648
競馬場×芝ダ×馬場状態,父ブロック,マイナス,B,福島×芝×良,極極地,1091,0.05866177818515124,0.07521964468529124,0.7798731093530704,-2.216162275764203,0.2227314390467461,0.22483677004835786,0.9906361801890369,-0.19559067805914485,45.94867094408799,弱,中立,2.216162275764203
競馬場×芝ダ×馬場状態,父ブロック,マイナス,B,阪神×ダ×良,地地地,3504,0.06820776255707763,0.0728880989076424,0.9357873724145926,-1.157150500773719,0.20633561643835616,0.21843613305252574,0.9446038691260853,-2.1138861848577193,61.89497716894977,中立,やや弱,2.1138861848577193
競馬場×芝ダ×馬場状態,父ブロック,マイナス,B,阪神×ダ×稍重,地地地,1031,0.05625606207565471,0.07174446723993928,0.7841170788475467,-2.098083981292273,0.1959262851600388,0.21572726344435247,0.9082129075010429,-1.8860948377247337,35.082444228903995,弱,やや弱,2.098083981292273
競馬場×芝ダ×馬場状態,父ブロック,マイナス,C,福島×芝×良,極地バ,328,0.04878048780487805,0.06787536523447708,0.718677352768043,-1.4586121644448402,0.17073170731707318,0.20649555931579405,0.8268057089594496,-1.876412184413023,31.3719512195122,中立,やや弱,1.876412184413023
競馬場×芝ダ×馬場状態,父ブロック,マイナス,B,函館×芝×良,極極地,662,0.0755287009063444,0.08215666776613524,0.9193252715816346,-0.6672031909956256,0.21601208459214502,0.2415043872534338,0.8944437285334397,-1.8287130071488096,48.39879154078551,中立,やや弱,1.8287130071488096
競馬場×芝ダ×馬場状態,父ブロック,マイナス,C,京都×ダ×良,極極極,397,0.06297229219143577,0.07349927503346763,0.8567743309408367,-0.8696609442824885,0.1889168765743073,0.2201432212480257,0.8581544119474065,-1.8202445609287217,64.81108312342569,中立,やや弱,1.8202445609287217
競馬場×芝ダ×馬場状態,父ブロック,マイナス,C,京都×芝×良,地地バ,432,0.06944444444444445,0.07832230347976958,0.8866496688568632,-0.7426123558860375,0.2037037037037037,0.2325284660578992,0.8760377047900098,-1.7428535799772673,67.12962962962963,中立,やや弱,1.7428535799772673
競馬場×芝ダ×馬場状態,父ブロック,マイナス,B,中京×ダ×稍重,地地地,707,0.05799151343705799,0.07365316551380945,0.7873594166999516,-1.718528709749896,0.2050919377652051,0.22134899296246152,0.926554645766952,-1.2407816395501274,58.03394625176803,やや弱,中立,1.718528709749896
競馬場×芝ダ×馬場状態,父ブロック,マイナス,C,阪神×芝×稍重,極極地,464,0.07974137931034483,0.10193247844309168,0.782296089806783,-1.7174567371745857,0.27370689655172414,0.2912023677466041,0.9399198868805079,-1.0176077054867414,84.71982758620689,やや弱,中立,1.7174567371745857
競馬場×芝ダ×馬場状態,父ブロック,マイナス,B,新潟×芝×良,地バ極,3020,0.06423841059602649,0.0713966982713808,0.8997392337647678,-1.641963152513107,0.20827814569536424,0.21542636596387874,0.9668182664803757,-1.1432333210435,57.87748344370861,やや弱,中立,1.641963152513107
競馬場×芝ダ×馬場状態,父ブロック,マイナス,C,札幌×ダ×良,地極極,374,0.06417112299465241,0.07750499974945987,0.8279610760865734,-1.033194112991258,0.20320855614973263,0.2334391847118707,0.8704989113140917,-1.6271064149487011,67.43315508021391,中立,やや弱,1.6271064149487011
競馬場×芝ダ×馬場状態,父ブロック,マイナス,B,京都×芝×良,極極地,1039,0.08277189605389798,0.08415229631084814,0.9835964041688045,-0.173006999319527,0.23099133782483156,0.24902756134476967,0.9275733841565931,-1.6247512426682318,87.78633301251202,中立,やや弱,1.6247512426682318
競馬場×芝ダ×馬場状態,父ブロック,マイナス,C,東京×ダ×良,極地バ,461,0.06073752711496746,0.06930325866425024,0.8764021820275333,-0.7778301348876974,0.18655097613882862,0.21207168375190585,0.8796599943869317,-1.6236371312464464,40.65075921908894,中立,やや弱,1.6236371312464464
競馬場×芝ダ×馬場状態,父ブロック,マイナス,B,中山×芝×良,地極地,1266,0.04897314375987362,0.05889824969624917,0.8314872515301993,-1.6158396021308798,0.1769352290679305,0.18155181862259837,0.9745715047654541,-0.5169450041456758,52.51974723538704,やや弱,中立,1.6158396021308798
競馬場×芝ダ×馬場状態,父ブロック,マイナス,B,新潟×芝×良,地地バ,518,0.05019305019305019,0.06632813196468043,0.7567384864657107,-1.5772663490363699,0.19111969111969113,0.204091918338073,0.9364392900805915,-0.8750404628508773,33.37837837837838,やや弱,中立,1.5772663490363699
競馬場×芝ダ×馬場状態,父ブロック,マイナス,C,東京×ダ×稍重,極極地,363,0.046831955922865015,0.06586478318218955,0.7110318088093063,-1.5766498253684376,0.1790633608815427,0.19474591378399153,0.9194717229351286,-0.9033472585730311,19.6694214876033,やや弱,中立,1.5766498253684376
競馬場×芝ダ×馬場状態,父ブロック,マイナス,C,阪神×ダ×稍重,地極極,393,0.058524173027989825,0.07802332087085331,0.7500856458655598,-1.562837271248624,0.21119592875318066,0.23101054315328892,0.9142263633094871,-1.1559954582183931,53.84223918575063,やや弱,中立,1.562837271248624
競馬場×芝ダ×馬場状態,父ブロック,マイナス,B,札幌×芝×良,地極地,554,0.06498194945848375,0.08150285929503791,0.797296561378921,-1.537776613520778,0.22202166064981949,0.2393595757288927,0.9275654001880804,-1.1430535639979524,44.81949458483755,やや弱,中立,1.537776613520778
競馬場×芝ダ×馬場状態,父ブロック,マイナス,B,阪神×芝×良,極地バ,712,0.08146067415730338,0.09725308625878737,0.8376153116677357,-1.5372834140228406,0.28230337078651685,0.28509664781015054,0.9902023505183627,-0.2011608374984866,79.28370786516854,やや弱,中立,1.5372834140228406
競馬場×芝ダ×馬場状態,父ブロック,混合,A,阪神×ダ×良,極極地,1556,0.07262210796915167,0.07213824355767584,1.006707460392891,0.07945724581252112,0.19151670951156813,0.2183701107425177,0.8770280367599727,-3.081237449421841,79.73650385604113,中立,弱,3.081237449421841
競馬場×芝ダ×馬場状態,父ブロック,混合,B,東京×芝×良,地極地,1426,0.03997194950911641,0.051495613280650304,0.7762204770971441,-2.1042104650913473,0.1788218793828892,0.17048031233296737,1.048929796853198,1.006176073806469,61.74614305750351,弱,中立,2.1042104650913473
競馬場×芝ダ×馬場状態,父ブロック,混合,B,東京×ダ×良,バ極極,611,0.060556464811783964,0.06514727888919845,0.9295317601027899,-0.4948707737832268,0.2225859247135843,0.19662422486641715,1.1320371376660483,1.9437097842548676,53.617021276595736,中立,やや強,1.9437097842548676
競馬場×芝ダ×馬場状態,父ブロック,混合,C,函館×芝×稍重,地地地,381,0.08398950131233596,0.07899972108262084,1.0631619980594187,0.38277671288454646,0.2047244094488189,0.2403566347090908,0.8517526869878237,-1.8977940795376085,70.49868766404198,中立,やや弱,1.8977940795376085
競馬場×芝ダ×馬場状態,父ブロック,混合,C,函館×ダ×良,地地極,334,0.11976047904191617,0.09304334989529295,1.2871471112840365,1.8203794611734254,0.2634730538922156,0.26761338175316196,0.9845286964582165,-0.2076703654023315,148.65269461077847,やや強,中立,1.8203794611734254
競馬場×芝ダ×馬場状態,父ブロック,混合,B,函館×芝×良,地地地,1417,0.08186309103740297,0.08048862451410614,1.0170765313930286,0.20326857301145976,0.223712067748765,0.24093660136790246,0.928510099663786,-1.786336901504374,72.97106563161607,中立,やや弱,1.786336901504374
競馬場×芝ダ×馬場状態,父ブロック,混合,C,中山×芝×良,地バ地,310,0.05161290322580645,0.05207356560584113,0.9911536232505845,-0.038912915165947366,0.1935483870967742,0.1629976062391598,1.1874308559647708,1.715834810445187,39.935483870967744,中立,やや強,1.715834810445187
競馬場×芝ダ×馬場状態,父ブロック,混合,B,中京×ダ×良,地極地,550,0.04727272727272727,0.06384326560545443,0.7404497063929721,-1.7067396205241028,0.20363636363636364,0.19628011733471212,1.0374783060125599,0.5230511154515791,38.800000000000004,やや弱,中立,1.7067396205241028
競馬場×芝ダ×馬場状態,父ブロック,混合,C,新潟×芝×良,極地地,313,0.08626198083067092,0.08254108233538132,1.0450793518816586,0.2565485940866173,0.20766773162939298,0.24122738497088334,0.8608795873422866,-1.6292540581756756,65.46325878594249,中立,やや弱,1.6292540581756756
競馬場×芝ダ×馬場状態,父ブロック,混合,C,京都×ダ×良,地地バ,429,0.07925407925407925,0.07643383596561834,1.036897837885953,0.24215304492180018,0.19813519813519814,0.22288412355956477,0.8889605727446415,-1.5212594451959782,83.82284382284384,中立,やや弱,1.5212594451959782
距離×芝ダ×馬場状態,母母父ブロック,プラス,C,1200×芝×稍重,極極地,354,0.06779661016949153,0.06775090862084994,1.0006745525568865,0.0035970714744902764,0.2514124293785311,0.20941917428987233,1.2005224938502184,2.253704639200883,49.096045197740104,中立,強,2.253704639200883
距離×芝ダ×馬場状態,母母父ブロック,プラス,B,1200×芝×重,極極極,1140,0.07631578947368421,0.06176574930096486,1.2355680994303433,2.1560825889099906,0.20789473684210527,0.18816550123005296,1.1048504400811026,1.9561354686361865,115.57017543859646,強,やや強,2.1560825889099906
距離×芝ダ×馬場状態,母母父ブロック,プラス,B,1700×ダ×稍重,極極極,1652,0.0841404358353511,0.07222330247347782,1.1650039939152539,1.9966177286439901,0.2245762711864407,0.21799362544982465,1.0301965056227351,0.766273574438221,92.30629539951578,やや強,中立,1.9966177286439901
距離×芝ダ×馬場状態,母母父ブロック,プラス,C,1400×ダ×稍重,極極地,399,0.08521303258145363,0.06464726378376727,1.3181228035648178,1.7986472504243967,0.19799498746867167,0.1962912241801839,1.008679773105515,0.10227588100363273,72.0050125313283,やや強,中立,1.7986472504243967
距離×芝ダ×馬場状態,母母父ブロック,プラス,C,1200×ダ×稍重,バ極極,330,0.07575757575757576,0.069514261228207,1.0898134342372237,0.4796956407649902,0.24242424242424243,0.20958720114201335,1.1566748403686118,1.7536341249821428,106.2727272727273,中立,やや強,1.7536341249821428
距離×芝ダ×馬場状態,母母父ブロック,プラス,B,2000×芝×稍重,極極極,2032,0.07923228346456693,0.07619033456826613,1.0399256534774137,0.5560649999528896,0.24458661417322836,0.23105799281836276,1.0585507611740599,1.7412147825256434,94.15846456692914,中立,やや強,1.7412147825256434
距離×芝ダ×馬場状態,母母父ブロック,プラス,B,1800×ダ×良,地バ極,799,0.0951188986232791,0.08032387477737174,1.1841921083477824,1.6806680994391578,0.2503128911138924,0.23593096311260553,1.0609582049407504,1.1754551893228817,128.3854818523154,やや強,中立,1.6806680994391578
距離×芝ダ×馬場状態,母母父ブロック,プラス,C,2000×芝×良,極地地,396,0.09595959595959595,0.08728269274018209,1.0994114978240046,0.6713753108341886,0.2828282828282828,0.25386879702025844,1.114072647556263,1.664267556029049,129.9747474747475,中立,やや強,1.664267556029049
距離×芝ダ×馬場状態,母母父ブロック,プラス,B,1700×ダ×良,極極極,5636,0.0766501064584812,0.0715650780093657,1.071054606388468,1.576650279377558,0.22036905606813342,0.21556565114131646,1.0222827936704444,1.027708974520627,96.63768630234208,やや強,中立,1.576650279377558
距離×芝ダ×馬場状態,母母父ブロック,プラス,B,1600×芝×良,極地極,655,0.08396946564885496,0.07211703230795162,1.1643499872580931,1.2827428199428021,0.233587786259542,0.21316478897757007,1.0958084934192431,1.5760231172509174,79.34351145038168,中立,やや強,1.5760231172509174
距離×芝ダ×馬場状態,母母父ブロック,プラス,C,2200×芝×良,極極地,350,0.07428571428571429,0.07346556370979068,1.0111637416839734,0.0641143078820571,0.24571428571428572,0.2181716655043087,1.1262428837691258,1.5644129225141954,59.91428571428571,中立,やや強,1.5644129225141954
距離×芝ダ×馬場状態,母母父ブロック,マイナス,C,2400×芝×稍重,極極極,323,0.03715170278637771,0.07656860874736851,0.4852080166293283,-2.893584756711792,0.21052631578947367,0.22871427028916116,0.9204773953252123,-0.9519243402178318,21.54798761609907,弱,中立,2.893584756711792
距離×芝ダ×馬場状態,母母父ブロック,マイナス,C,1600×芝×良,極極バ,373,0.08042895442359249,0.08202438618043024,0.9805492996518346,-0.12198556588139306,0.1903485254691689,0.24100987873245408,0.7897955323253595,-2.8301511702115034,56.54155495978552,中立,弱,2.8301511702115034
距離×芝ダ×馬場状態,母母父ブロック,マイナス,A,1200×ダ×良,極極地,1633,0.0520514390691978,0.06674021217476096,0.7799112015541658,-2.583812826366068,0.18922229026331905,0.19762790638601815,0.9574674635965592,-1.037339432498769,46.15431720759337,弱,中立,2.583812826366068
距離×芝ダ×馬場状態,母母父ブロック,マイナス,B,2000×芝×良,地バ極,702,0.08547008547008547,0.08907041469273397,0.9595788429292875,-0.3644368006599569,0.22934472934472935,0.26175009511849023,0.8761973104189648,-2.4121216186928134,70.28490028490029,中立,弱,2.4121216186928134
距離×芝ダ×馬場状態,母母父ブロック,マイナス,B,1200×芝×重,地極極,527,0.04364326375711575,0.06549236350497081,0.6663870628795259,-2.143491796351394,0.17647058823529413,0.197356082510654,0.8941735465678774,-1.3916771357330853,62.201138519924115,弱,中立,2.143491796351394
距離×芝ダ×馬場状態,母母父ブロック,マイナス,B,1600×芝×良,地極極,4731,0.06658211794546608,0.07390956589272038,0.9008592749970946,-2.0803068874609107,0.2134855210314944,0.22223053476500776,0.9606489101834698,-1.7604236225860415,65.69647009088993,やや弱,中立,2.0803068874609107
距離×芝ダ×馬場状態,母母父ブロック,マイナス,B,1600×芝×良,地バ極,633,0.07898894154818326,0.08678310009896646,0.9101880603263212,-0.7602332512956415,0.22748815165876776,0.2526378613307492,0.9004515414296675,-1.8022984312622932,60.331753554502356,中立,やや弱,1.8022984312622932
距離×芝ダ×馬場状態,母母父ブロック,マイナス,B,1700×ダ×良,地極極,2525,0.07207920792079207,0.07408979859680918,0.9728627865901137,-0.41152607502271443,0.2087128712871287,0.2208853720628849,0.944892227755622,-1.7319040235627796,71.79405940594057,中立,やや弱,1.7319040235627796
距離×芝ダ×馬場状態,母母父ブロック,マイナス,B,2400×芝×良,地極極,866,0.07159353348729793,0.0863400917526865,0.8292038152145034,-1.6910582388171977,0.24942263279445728,0.25841778111338587,0.9651914497517421,-0.7550303098187315,69.34180138568132,やや弱,中立,1.6910582388171977
距離×芝ダ×馬場状態,母母父ブロック,マイナス,B,1200×芝×良,バ極極,1132,0.06978798586572438,0.07660956919769274,0.9109565110023643,-0.9241564119717816,0.20936395759717313,0.22591193293394574,0.9267503264574739,-1.5862071668733,57.049469964664304,中立,やや弱,1.5862071668733
距離×芝ダ×馬場状態,母母父ブロック,マイナス,C,1000×芝×良,地極極,370,0.04054054054054054,0.05900003210729181,0.6871274318430436,-1.5834221409061489,0.17027027027027028,0.1803412504393342,0.944155981260362,-0.5801311987133576,32.54054054054053,やや弱,中立,1.5834221409061489
距離×芝ダ×馬場状態,母母父ブロック,マイナス,C,1600×ダ×稍重,地極極,445,0.04943820224719101,0.06683880891333818,0.7396631246270645,-1.5800441355739256,0.19550561797752808,0.20371985229793566,0.9596787734344395,-0.5236021907793855,23.48314606741573,やや弱,中立,1.5800441355739256
距離×芝ダ×馬場状態,母母父ブロック,マイナス,C,1600×ダ×良,バ極極,345,0.0463768115942029,0.06532351866288652,0.7099558098445152,-1.5532917110790196,0.1826086956521739,0.19665608540998844,0.9285687512363091,-0.7965635752640914,54.20289855072464,やや弱,中立,1.5532917110790196
距離×芝ダ×馬場状態,母母父ブロック,混合,B,1800×芝×良,極極地,1362,0.06020558002936858,0.07308762463010696,0.823745200833468,-1.9869673803747625,0.23348017621145375,0.2222996038796062,1.0502950618747064,1.230875911863274,64.29515418502203,やや弱,中立,1.9869673803747625
距離×芝ダ×馬場状態,母母父ブロック,混合,B,1000×ダ×良,地極極,704,0.08380681818181818,0.08416774540638693,0.9957118107081747,-0.03657661991111826,0.27982954545454547,0.2550931972480224,1.096969846602661,1.7698051727169357,109.14772727272728,中立,やや強,1.7698051727169357
距離×芝ダ×馬場状態,母母父ブロック,混合,B,1200×ダ×稍重,極極地,534,0.056179775280898875,0.06538721827465567,0.8591858892806634,-0.9288825614981208,0.22284644194756553,0.19842184116968167,1.1230943157966014,1.7141056714287517,43.67041198501874,中立,やや強,1.7141056714287517
距離×芝ダ×馬場状態,母母父ブロック,混合,C,1400×芝×稍重,地極極,401,0.08977556109725686,0.06957636003463544,1.2903170136029847,1.6699869108942746,0.20947630922693267,0.21565274123997236,0.9713593623826616,-0.3486127514478649,151.02244389027433,やや強,中立,1.6699869108942746
距離×芝ダ×馬場状態,母母父ブロック,混合,B,1800×ダ×良,極バ極,540,0.08888888888888889,0.07190494784425365,1.23619989380178,1.6495896771247684,0.1962962962962963,0.21644283975190082,0.9069197970295638,-1.3599172473476278,100.53703703703701,やや強,中立,1.6495896771247684
距離×芝ダ×馬場状態,母母父ブロック,混合,B,1400×芝×稍重,極極極,862,0.06264501160092807,0.06621600962837887,0.9460704737797982,-0.4493263069929748,0.21693735498839908,0.19927272632582538,1.0886454909724612,1.5436988010605248,118.63109048723899,中立,やや強,1.5436988010605248
距離×芝ダ×馬場状態,母父ブロック,プラス,A,1800×ダ×良,極地地,1691,0.09580130100532229,0.07521806610241974,1.2736474888210452,3.4711666637071685,0.22885866351271436,0.2270594242531057,1.0079240897642858,0.2142356617677349,117.33885274985217,強,中立,3.4711666637071685
距離×芝ダ×馬場状態,母父ブロック,プラス,A,2000×芝×良,地地地,1412,0.09419263456090651,0.08602933792902791,1.0948896833149306,1.1858609835333322,0.28541076487252126,0.25590391244107574,1.1153044209054042,3.125005829750606,90.19121813031157,中立,強,3.125005829750606
距離×芝ダ×馬場状態,母父ブロック,プラス,A,2200×芝×良,極極極,944,0.0815677966101695,0.06990423291185074,1.166850607073058,1.5239715093470225,0.24152542372881355,0.21219662662600708,1.1382151901712272,2.677742117899474,117.10805084745766,やや強,強,2.677742117899474
距離×芝ダ×馬場状態,母父ブロック,プラス,A,1800×ダ×稍重,極極極,1983,0.07614725163893091,0.06975075714260941,1.0917050188178388,1.2014665796245976,0.23600605143721634,0.2157263223521754,1.0940067436552043,2.623105406445239,84.90670700958142,中立,やや強,2.623105406445239
距離×芝ダ×馬場状態,母父ブロック,プラス,B,1400×ダ×重,極極極,767,0.08344198174706649,0.0641951700719688,1.2998171303778807,2.320557793576879,0.20990873533246415,0.194140181727985,1.081222513876972,1.2981786464785168,147.71838331160367,強,中立,2.320557793576879
距離×芝ダ×馬場状態,母父ブロック,プラス,B,1400×芝×良,極地極,570,0.09298245614035087,0.07080290594237573,1.3132576255560244,2.193490327728845,0.22807017543859648,0.2127432351516112,1.0720443133059556,1.0463728472296887,71.14035087719299,強,中立,2.193490327728845
距離×芝ダ×馬場状態,母父ブロック,プラス,C,1800×ダ×良,バ地極,434,0.07834101382488479,0.05593437713268255,1.400587936092525,2.1498052264869068,0.2119815668202765,0.18296491024726158,1.158591374344957,1.8180506498898004,100.96774193548387,強,やや強,2.1498052264869068
距離×芝ダ×馬場状態,母父ブロック,プラス,B,1700×ダ×稍重,極極地,968,0.08264462809917356,0.07359929381500069,1.1228997428549958,1.154671193603699,0.24380165289256198,0.2197996645039077,1.1091993859172955,2.1376335746350437,74.9586776859504,中立,強,2.1376335746350437
距離×芝ダ×馬場状態,母父ブロック,プラス,B,2600×芝×良,極極地,575,0.08521739130434783,0.0778884961255048,1.094094706451049,0.698761774904259,0.26608695652173914,0.23541134225641852,1.130306441360449,2.0476795409866315,62.36521739130434,中立,強,2.0476795409866315
距離×芝ダ×馬場状態,母父ブロック,プラス,B,2000×芝×良,極極地,5677,0.08296635546943808,0.0765582662716709,1.0837021200954025,1.9654674984738438,0.2378016558041219,0.23065644763857354,1.0309777083567355,1.5637178606882802,81.36868064118374,やや強,中立,1.9654674984738438
距離×芝ダ×馬場状態,母父ブロック,プラス,B,1800×芝×良,極地極,956,0.07531380753138076,0.06887787055771362,1.0934398366493399,0.8504360605926576,0.23326359832635984,0.21195555891688822,1.100530693879215,1.962315002715744,129.36192468619245,中立,やや強,1.962315002715744
距離×芝ダ×馬場状態,母父ブロック,プラス,B,1800×ダ×稍重,バ極極,531,0.096045197740113,0.07577682477378184,1.26747456134298,1.924906103209276,0.2335216572504708,0.22432053538614885,1.0410177420826987,0.6236522147848714,90.01883239171377,やや強,中立,1.924906103209276
距離×芝ダ×馬場状態,母父ブロック,プラス,C,1800×ダ×稍重,極極バ,347,0.0893371757925072,0.08782727681630872,1.0171916861245334,0.10895079442797644,0.2881844380403458,0.2523901220063125,1.141821382506951,1.8863200631331283,70.43227665706053,中立,やや強,1.8863200631331283
距離×芝ダ×馬場状態,母父ブロック,プラス,B,1800×芝×良,バ極極,1070,0.08971962616822429,0.07563336805835473,1.1862439617788982,1.8795072589187076,0.2383177570093458,0.22911891977328197,1.0401487456608398,0.8693688662173301,86.67289719626166,やや強,中立,1.8795072589187076
距離×芝ダ×馬場状態,母父ブロック,プラス,B,1700×ダ×良,極地地,680,0.09117647058823529,0.07823096683768813,1.1654779977014245,1.3401666125481186,0.25735294117647056,0.23231101149223216,1.1077948458981066,1.813087915396367,57.39705882352941,中立,やや強,1.813087915396367
距離×芝ダ×馬場状態,母父ブロック,プラス,B,1200×芝×良,極極極,4757,0.07063275173428632,0.06455816314472514,1.0940948176599028,1.8046636236907425,0.20285894471305443,0.19632083055102564,1.0333032116035668,1.3154777034678964,72.09796089972671,やや強,中立,1.8046636236907425
距離×芝ダ×馬場状態,母父ブロック,プラス,C,1000×芝×良,極極地,475,0.07157894736842105,0.05394121697029628,1.3269805797640293,1.7935070827294588,0.18526315789473685,0.16460751935411452,1.1254841736372112,1.393741170778117,98.04210526315788,やや強,中立,1.7935070827294588
距離×芝ダ×馬場状態,母父ブロック,プラス,C,1800×芝×重,極極地,371,0.10242587601078167,0.07929100022718455,1.2917717738117955,1.759295894926142,0.2668463611859838,0.2384352638327474,1.1191564406058898,1.5357317998264353,109.70350404312667,やや強,やや強,1.759295894926142
距離×芝ダ×馬場状態,母父ブロック,プラス,B,1400×ダ×良,バ極極,1081,0.07955596669750231,0.06917389973418596,1.1500864777497213,1.44413828692322,0.2247918593894542,0.2078429670974243,1.081546624014876,1.658540470620935,71.30434782608697,中立,やや強,1.658540470620935
距離×芝ダ×馬場状態,母父ブロック,プラス,B,1600×芝×良,極極バ,606,0.09570957095709572,0.07913189937589774,1.2094941700116357,1.646609866288246,0.23927392739273928,0.2302748870829314,1.0390795558465173,0.6462825966066331,76.15511551155116,やや強,中立,1.646609866288246
距離×芝ダ×馬場状態,母父ブロック,プラス,B,2000×芝×稍重,極極地,1067,0.09465791940018745,0.08220426296726917,1.1514964794207434,1.5950285522146348,0.24742268041237114,0.2460890419950882,1.0054193328011312,0.12186174681783578,123.5051546391753,やや強,中立,1.5950285522146348
距離×芝ダ×馬場状態,母父ブロック,プラス,C,1400×芝×稍重,極極地,442,0.08597285067873303,0.07103089001501199,1.2103586293310296,1.3062088401519514,0.23755656108597284,0.21238045111604612,1.118542501617394,1.5488603740349864,152.03619909502257,中立,やや強,1.5488603740349864
距離×芝ダ×馬場状態,母父ブロック,プラス,B,1200×芝×稍重,極極地,1216,0.07730263157894737,0.06698437143083455,1.1540398144777257,1.5234533721500116,0.20970394736842105,0.20172365395071143,1.0395605238226524,0.8034091561274311,83.63486842105263,やや強,中立,1.5234533721500116
距離×芝ダ×馬場状態,母父ブロック,マイナス,B,1800×ダ×良,地極極,3339,0.0664869721473495,0.07698989835160905,0.8635804640721411,-2.474195862762089,0.22431865828092243,0.23078265103029175,0.971990993601504,-1.0792787375860728,62.13237496256365,弱,中立,2.474195862762089
距離×芝ダ×馬場状態,母父ブロック,マイナス,C,1800×ダ×稍重,極地極,330,0.06363636363636363,0.07150101033944119,0.8900064954922843,-0.6019811857593143,0.17272727272727273,0.2155884629592373,0.801189777766222,-2.318197118467224,32.75757575757576,中立,弱,2.318197118467224
距離×芝ダ×馬場状態,母父ブロック,マイナス,B,2200×芝×良,極極地,1028,0.07003891050583658,0.07936454089529815,0.8824962598628973,-1.1933385928764328,0.21498054474708173,0.23952782209300005,0.8975180539303383,-2.265980829139296,47.9182879377432,中立,弱,2.265980829139296
距離×芝ダ×馬場状態,母父ブロック,マイナス,B,1200×芝×良,地極地,716,0.055865921787709494,0.07699395185131011,0.7255884448637883,-2.2538486598513,0.21368715083798884,0.22996850099428245,0.9292018250938705,-1.210592793692345,50.29329608938548,弱,中立,2.2538486598513
距離×芝ダ×馬場状態,母父ブロック,マイナス,B,2000×芝×良,地極極,2567,0.065835605765485,0.07639346457198463,0.861796308550045,-2.176610434505955,0.22165952473704714,0.23161713415071622,0.9570083212963445,-1.4597583143629596,68.02882742500975,弱,中立,2.176610434505955
距離×芝ダ×馬場状態,母父ブロック,マイナス,B,1200×ダ×良,地極地,551,0.050816696914700546,0.07231260556143332,0.702736355856091,-2.103865036655381,0.20508166969147004,0.2132859269926844,0.9615339960920359,-0.5663348782745247,29.709618874773135,弱,中立,2.103865036655381
距離×芝ダ×馬場状態,母父ブロック,マイナス,C,1400×ダ×良,地極地,498,0.04618473895582329,0.06736633007814942,0.6855759977164545,-2.0179105061620883,0.19879518072289157,0.20525765788729294,0.9685152932615556,-0.4212091993091208,33.75502008032129,弱,中立,2.0179105061620883
距離×芝ダ×馬場状態,母父ブロック,マイナス,B,1800×ダ×稍重,極極地,2236,0.06529516994633273,0.0756152403350089,0.8635186459375955,-2.005073887836227,0.2146690518783542,0.22696122021150616,0.9458402262655408,-1.6935453970326297,69.68694096601074,弱,やや弱,2.005073887836227
距離×芝ダ×馬場状態,母父ブロック,マイナス,C,1000×芝×良,極極極,417,0.05995203836930456,0.06804642040229016,0.881046174286147,-0.6939015133648507,0.16786570743405277,0.20072578309355496,0.8362936980338661,-1.938980487415982,40.50359712230216,中立,やや弱,1.938980487415982
距離×芝ダ×馬場状態,母父ブロック,マイナス,B,2600×芝×良,極極極,607,0.05930807248764415,0.07651580470040646,0.7751087859542448,-1.6825585664949838,0.20757825370675453,0.23536246077265335,0.8819514081613177,-1.8832121649755904,35.189456342668876,やや弱,やや弱,1.8832121649755904
距離×芝ダ×馬場状態,母父ブロック,マイナス,B,1200×芝×重,極極極,540,0.04259259259259259,0.06082697481902419,0.7002253970268364,-1.87983971585182,0.17777777777777778,0.18424417510336852,0.9649031112003251,-0.4451935653730364,31.96296296296296,やや弱,中立,1.87983971585182
距離×芝ダ×馬場状態,母父ブロック,マイナス,B,2100×ダ×良,極極極,521,0.06333973128598848,0.06752131943068294,0.9380701061538459,-0.4113277690245653,0.1746641074856046,0.20080058103662937,0.8698386557643624,-1.7856287630991323,101.26679462571977,中立,やや弱,1.7856287630991323
距離×芝ダ×馬場状態,母父ブロック,マイナス,B,1800×芝×良,地地極,739,0.08389715832205684,0.08789803249249004,0.9544827789999163,-0.4160213425487958,0.2381596752368065,0.2616452345430835,0.9102389181775455,-1.7752128972283203,62.85520974289582,中立,やや弱,1.7752128972283203
距離×芝ダ×馬場状態,母父ブロック,マイナス,B,1600×芝×良,地極極,2355,0.061146496815286625,0.06781685807950537,0.9016415467611502,-1.3914611904579501,0.19490445859872613,0.20705245414976844,0.941328898510639,-1.7680069169996973,77.2271762208068,中立,やや弱,1.7680069169996973
距離×芝ダ×馬場状態,母父ブロック,マイナス,B,1400×ダ×良,極地極,678,0.0471976401179941,0.06227114894036545,0.757937518756774,-1.7457365367965407,0.17699115044247787,0.18814500380656893,0.9407167177526634,-0.8887835809612217,27.77286135693215,やや弱,中立,1.7457365367965407
距離×芝ダ×馬場状態,母父ブロック,マイナス,B,1200×芝×良,極地地,1149,0.06266318537859007,0.07507702682448897,0.8346519305443555,-1.696320933671133,0.21148825065274152,0.22534998461760286,0.938487974656917,-1.3175855766094458,52.89817232375979,やや弱,中立,1.696320933671133
距離×芝ダ×馬場状態,母父ブロック,マイナス,C,1700×ダ×良,極地極,428,0.0630841121495327,0.06763046472669303,0.9327765586776173,-0.4004737875430008,0.17523364485981308,0.20307925468471746,0.8628830410662333,-1.6753177707785574,84.48598130841121,中立,やや弱,1.6753177707785574
距離×芝ダ×馬場状態,母父ブロック,マイナス,C,1800×ダ×不良,地極極,348,0.0603448275862069,0.07520043578374577,0.8024531634329991,-1.1439601857117807,0.19540229885057472,0.2255178367902041,0.8664605054382221,-1.6216663690172695,28.419540229885058,中立,やや弱,1.6216663690172695
距離×芝ダ×馬場状態,母父ブロック,マイナス,C,1400×芝×良,地極地,462,0.08441558441558442,0.08707971435594349,0.9694058488815285,-0.218692040551485,0.22510822510822512,0.25033918776057335,0.8992128924038878,-1.5094419766378466,67.48917748917746,中立,やや弱,1.5094419766378466
距離×芝ダ×馬場状態,母父ブロック,混合,B,1900×ダ×良,極極極,676,0.06360946745562131,0.07161401664536135,0.8882265013931664,-0.8700600927307682,0.24260355029585798,0.21876515909625993,1.1089679512865611,1.8030305572398821,81.4940828402367,中立,やや強,1.8030305572398821
距離×芝ダ×馬場状態,母父ブロック,混合,B,2000×芝×良,極地地,1536,0.08463541666666667,0.08792781200456534,0.9625557003769442,-0.4972888125175182,0.271484375,0.2561936368273254,1.059684301148278,1.6949161619816178,60.43619791666669,中立,やや強,1.6949161619816178
距離×芝ダ×馬場状態,母父ブロック,混合,B,1800×ダ×良,地極地,655,0.08702290076335878,0.07967138212847977,1.0922730149581665,0.7534406797842919,0.2152671755725191,0.2368259688342265,0.9089677818364669,-1.5734437563072685,74.61068702290078,中立,やや弱,1.5734437563072685
距離×芝ダ×馬場状態,母父ブロック,混合,B,1800×芝×稍重,極極極,936,0.053418803418803416,0.06531183328436697,0.8179039039712538,-1.5714184350547842,0.20833333333333334,0.20647471338996343,1.0090016831255244,0.1663115176813997,42.660256410256416,やや弱,中立,1.5714184350547842
距離×芝ダ×馬場状態,母父ブロック,混合,B,2000×芝×良,極地極,1088,0.07261029411764706,0.07208052486342231,1.0073496864129186,0.07311505956905064,0.203125,0.21929335582845047,0.9262706534478924,-1.548798527600621,63.12500000000002,中立,やや弱,1.548798527600621
距離×芝ダ×馬場状態,父ブロック,プラス,C,1400×ダ×良,バ極地,495,0.08484848484848485,0.07808383907198417,1.0866331094487358,0.6020227647289642,0.301010101010101,0.2309040486918685,1.303615517854284,4.422832621668446,99.77777777777779,中立,強,4.422832621668446
距離×芝ダ×馬場状態,父ブロック,プラス,A,1200×ダ×良,地極極,2632,0.08016717325227964,0.07084758757007663,1.1315441499399657,2.0076697188127923,0.23100303951367782,0.2116110900047633,1.0916395710096196,2.9116303277253723,80.99544072948333,強,やや強,2.9116303277253723
距離×芝ダ×馬場状態,父ブロック,プラス,A,1600×芝×良,地バ極,5501,0.07562261407016906,0.07060916427652855,1.0710028201722683,1.5651381646740412,0.22868569351027085,0.21590717554736966,1.059185239816625,2.769656422665777,81.64333757498643,やや強,やや強,2.769656422665777
距離×芝ダ×馬場状態,父ブロック,プラス,B,1800×ダ×稍重,地地極,672,0.09672619047619048,0.07161573622332472,1.3506276075213686,2.7593279681031513,0.22023809523809523,0.21274949100302964,1.035199164048571,0.5785995350626968,130.92261904761904,強,中立,2.7593279681031513
距離×芝ダ×馬場状態,父ブロック,プラス,B,2200×芝×良,地極地,545,0.07889908256880734,0.06650910979848375,1.186289860259204,1.24809044942217,0.24036697247706423,0.2049528686649121,1.1727914522145695,2.481774246401382,82.77064220183486,中立,強,2.481774246401382
距離×芝ダ×馬場状態,父ブロック,プラス,C,1700×ダ×良,バ極地,387,0.11886304909560723,0.08645469478145823,1.37485939191702,2.416279403895868,0.27906976744186046,0.253659497805996,1.1001747218442368,1.3424445277478694,128.91472868217056,強,中立,2.416279403895868
距離×芝ダ×馬場状態,父ブロック,プラス,B,1800×ダ×良,バ極地,836,0.10885167464114832,0.09080554756136217,1.1987337510144018,1.96772572412315,0.2966507177033493,0.2675944301869971,1.1085833045779294,2.283664575230247,86.60287081339716,やや強,強,2.283664575230247
距離×芝ダ×馬場状態,父ブロック,プラス,C,1800×ダ×重,極極地,389,0.07197943444730077,0.07185021403411469,1.0017984694259188,0.010575704131944894,0.2596401028277635,0.2201538870707829,1.1793573408235356,2.2683562270521214,47.789203084832906,中立,強,2.2683562270521214
距離×芝ダ×馬場状態,父ブロック,プラス,C,1200×ダ×稍重,極極地,401,0.06982543640897755,0.05912420555209466,1.1809957657266783,0.9711101757047621,0.2144638403990025,0.17980976304189875,1.1927263390532847,2.1577573189739927,121.97007481296758,中立,強,2.1577573189739927
距離×芝ダ×馬場状態,父ブロック,プラス,B,1600×芝×良,地地極,859,0.0640279394644936,0.04988148028487385,1.28360143080817,2.04830286537041,0.16647264260768335,0.1601911758459725,1.0392123144645034,0.6078666291600126,78.27706635622816,強,中立,2.04830286537041
距離×芝ダ×馬場状態,父ブロック,プラス,C,1000×ダ×良,地極極,387,0.09302325581395349,0.08596459499123588,1.0821112554934649,0.5315677373670991,0.29198966408268734,0.2558883899264335,1.1410821107070657,1.92188269662255,69.37984496124031,中立,やや強,1.92188269662255
距離×芝ダ×馬場状態,父ブロック,プラス,B,2000×芝×良,極地地,686,0.10058309037900874,0.08346339916180114,1.205116151380554,1.7509883134682245,0.27405247813411077,0.2479340578396017,1.1053442214518432,1.9130006237005233,107.14285714285717,やや強,やや強,1.9130006237005233
距離×芝ダ×馬場状態,父ブロック,プラス,C,1200×芝×稍重,地地極,465,0.1032258064516129,0.08096185213050637,1.2749931447370817,1.8745626904504518,0.25806451612903225,0.23757302382116968,1.0862534473749312,1.2327296782613038,91.44086021505376,やや強,中立,1.8745626904504518
距離×芝ダ×馬場状態,父ブロック,プラス,B,1400×芝×良,地バ極,3074,0.07091737150292778,0.06983350876044196,1.015520668540427,0.25226274670502585,0.22153545868575147,0.21011033962729117,1.054376757844126,1.8435570230912202,68.33767078724794,中立,やや強,1.8435570230912202
距離×芝ダ×馬場状態,父ブロック,プラス,C,1600×芝×良,地バ地,404,0.05198019801980198,0.044670420656724476,1.1636379791283011,0.75985208503799,0.1707920792079208,0.14385985385149042,1.1872115439810824,1.8390951714279347,54.950495049504944,中立,やや強,1.8390951714279347
距離×芝ダ×馬場状態,父ブロック,プラス,C,1800×ダ×良,地ババ,450,0.05555555555555555,0.052712939185104335,1.0539263492872066,0.28689032272829096,0.2,0.17215346174662088,1.161754158010277,1.8280227518755854,57.777777777777764,中立,やや強,1.8280227518755854
距離×芝ダ×馬場状態,父ブロック,プラス,C,1200×ダ×良,極地バ,448,0.07142857142857142,0.054642609229272665,1.307195473204203,1.6671343426475704,0.19866071428571427,0.1710535714615704,1.16139471738739,1.8193437097690042,107.07589285714285,やや強,やや強,1.8193437097690042
距離×芝ダ×馬場状態,父ブロック,プラス,B,1800×芝×稍重,地バ極,1046,0.09273422562141491,0.07892748448211104,1.1749294460592263,1.7901740483288853,0.25908221797323133,0.24002334568762082,1.079404243912235,1.7444017697550394,108.46080305927346,やや強,やや強,1.7901740483288853
距離×芝ダ×馬場状態,父ブロック,プラス,B,2000×芝×良,地極極,624,0.0673076923076923,0.053592904176923355,1.2559067910463122,1.6219305457639037,0.1955128205128205,0.17308393933882543,1.1295838381057919,1.7704425696878614,103.3173076923077,やや強,やや強,1.7704425696878614
距離×芝ダ×馬場状態,父ブロック,プラス,B,1400×ダ×良,地地バ,557,0.06642728904847396,0.05125196707551396,1.2960924787647836,1.733133314968522,0.1651705565529623,0.15992128081467138,1.0328241226655392,0.3991582757313734,70.64631956912031,やや強,中立,1.733133314968522
距離×芝ダ×馬場状態,父ブロック,プラス,B,1150×ダ×良,地地地,515,0.08737864077669903,0.07019082839979122,1.2448726246541768,1.6191435465895105,0.21941747572815534,0.2097772183290707,1.0459547393938757,0.6332255856710192,76.17475728155337,やや強,中立,1.6191435465895105
距離×芝ダ×馬場状態,父ブロック,プラス,B,2400×芝×良,地地地,999,0.0970970970970971,0.08479455579122526,1.1450864526746531,1.5209784489592646,0.2652652652652653,0.2526089092557607,1.0501025717849497,1.1482122770721634,71.04104104104107,やや強,中立,1.5209784489592646
距離×芝ダ×馬場状態,父ブロック,マイナス,B,1200×芝×良,極地バ,520,0.046153846153846156,0.06836615695883201,0.6750978584570517,-2.129632521632242,0.15576923076923077,0.20969050912006004,0.7428530333723583,-3.5075140253851242,56.05769230769231,弱,弱,3.5075140253851242
距離×芝ダ×馬場状態,父ブロック,マイナス,A,1800×ダ×稍重,地地地,1826,0.05312157721796276,0.07045585713286288,0.753969639710552,-3.131733693510646,0.20755750273822562,0.21575270301256466,0.962015770092754,-1.02999577139913,51.7579408543264,弱,中立,3.131733693510646
距離×芝ダ×馬場状態,父ブロック,マイナス,B,2400×芝×良,極極地,635,0.08031496062992126,0.09498147305163572,0.845585544733117,-1.3690875744782933,0.23937007874015748,0.2844259057858923,0.8415902836935973,-3.093484861429023,60.91338582677164,中立,弱,3.093484861429023
距離×芝ダ×馬場状態,父ブロック,マイナス,A,1200×ダ×良,地地地,4379,0.05868919844713405,0.06397429729523993,0.9173871527855122,-1.5313796246098017,0.1792646722996118,0.19405921755466587,0.9237627285038057,-2.942093090576018,67.16830326558575,やや弱,やや弱,2.942093090576018
距離×芝ダ×馬場状態,父ブロック,マイナス,C,1200×芝×稍重,地極極,442,0.042986425339366516,0.06955478780030717,0.6180225215089604,-2.3294817488966766,0.1832579185520362,0.20743041522278963,0.8834669609816329,-1.4619767069456353,37.89592760180995,弱,中立,2.3294817488966766
距離×芝ダ×馬場状態,父ブロック,マイナス,B,1600×芝×良,地地バ,810,0.05308641975308642,0.06277894273617117,0.8456086936057903,-1.2246413981645932,0.16790123456790124,0.1942328622508697,0.8644326846764028,-2.300215993965091,66.1604938271605,中立,弱,2.300215993965091
距離×芝ダ×馬場状態,父ブロック,マイナス,B,1800×ダ×良,地地地,5983,0.06802607387598195,0.07307058731805177,0.9309638306297888,-1.6335124770142786,0.20942670900885843,0.2195007458558072,0.9541047716823408,-2.2923478040003435,62.08591007855587,やや弱,中立,2.2923478040003435
距離×芝ダ×馬場状態,父ブロック,マイナス,B,2000×芝×良,極極地,2966,0.08496291301416048,0.09619320514091362,0.8832527504380183,-2.249869514793701,0.26399190829399866,0.27913765809872804,0.9457409297337713,-2.2565146071707622,57.919757248819955,弱,やや弱,2.2565146071707622
距離×芝ダ×馬場状態,父ブロック,マイナス,B,1700×ダ×良,地極極,1004,0.05079681274900399,0.06712928337430202,0.7567012516098105,-2.1902611332631383,0.19721115537848605,0.20592803421861075,0.9576702663471699,-0.7950276008507505,90.24900398406373,弱,中立,2.1902611332631383
距離×芝ダ×馬場状態,父ブロック,マイナス,B,1600×芝×良,極極地,2410,0.08464730290456432,0.08615992595460975,0.9824440070800166,-0.2869532109371912,0.23485477178423236,0.25059050343969114,0.9372053950989173,-2.180313256038624,66.72199170124486,中立,やや弱,2.180313256038624
距離×芝ダ×馬場状態,父ブロック,マイナス,B,1800×ダ×不良,地地地,609,0.07060755336617405,0.08079168869677378,0.8739457548805215,-1.0070712577392336,0.20525451559934318,0.23540189895587932,0.8719322847850665,-2.159025852095453,40.9688013136289,中立,弱,2.159025852095453
距離×芝ダ×馬場状態,父ブロック,マイナス,C,1400×ダ×重,地極極,343,0.04081632653061224,0.06752957667921149,0.6044214777845227,-2.108129105460913,0.19533527696793002,0.2024111999987155,0.9650418404177715,-0.3885134680334797,72.36151603498541,弱,中立,2.108129105460913
距離×芝ダ×馬場状態,父ブロック,マイナス,B,1600×ダ×良,極極地,524,0.06297709923664122,0.06454339967600783,0.9757326008975502,-0.1595473476565578,0.16221374045801526,0.1911919815228215,0.8484338054661186,-2.063624169221094,73.03435114503817,中立,弱,2.063624169221094
距離×芝ダ×馬場状態,父ブロック,マイナス,C,1400×ダ×良,極地バ,471,0.03821656050955414,0.05751957847380303,0.6644096066691388,-1.9043901787586337,0.16348195329087048,0.18209225795734021,0.8977973864719186,-1.2287319925786013,25.244161358811034,やや弱,中立,1.9043901787586337
距離×芝ダ×馬場状態,父ブロック,マイナス,B,2000×芝×稍重,極極地,598,0.0903010033444816,0.09411885574050749,0.9594358392270304,-0.345634636483689,0.24581939799331104,0.27381949090802066,0.8977425134278875,-1.8540253534098516,74.18060200668896,中立,やや弱,1.8540253534098516
距離×芝ダ×馬場状態,父ブロック,マイナス,B,1800×芝×良,地極極,673,0.04011887072808321,0.05403771547873318,0.7424235161064904,-1.713973922072727,0.16790490341753342,0.1756188023118713,0.9560758939658454,-0.6341230567631976,58.46953937592868,やや弱,中立,1.713973922072727
距離×芝ダ×馬場状態,父ブロック,マイナス,B,1600×芝×良,地極地,1136,0.04225352112676056,0.05278605229722884,0.8004675342804294,-1.6991973558615248,0.15580985915492956,0.16624534079156675,0.9372284264512359,-1.1263206340775698,70.46654929577466,やや弱,中立,1.6991973558615248
距離×芝ダ×馬場状態,父ブロック,マイナス,C,1800×芝×良,地地極,402,0.03233830845771144,0.047834276410259044,0.67604886881441,-1.6047226347690056,0.13930348258706468,0.1519351018174653,0.9168617450523299,-0.8633364696169761,41.24378109452736,やや弱,中立,1.6047226347690056
距離×芝ダ×馬場状態,父ブロック,マイナス,B,1200×芝×稍重,地バ極,1095,0.0593607305936073,0.0708165067549676,0.8382329673362955,-1.5639835457393048,0.2009132420091324,0.21308370993750397,0.9428840997186455,-1.1408549198907267,53.83561643835617,やや弱,中立,1.5639835457393048
距離×芝ダ×馬場状態,父ブロック,マイナス,B,1200×芝×良,地地極,1998,0.07107107107107107,0.07957268026546178,0.8931591952661571,-1.5151616163593176,0.22172172172172172,0.2328255611285263,0.9523083318129536,-1.411636064228365,48.633633633633636,やや弱,中立,1.5151616163593176
距離×芝ダ×馬場状態,父ブロック,マイナス,C,1150×ダ×良,地地極,317,0.0694006309148265,0.07401955964951112,0.9375985380545948,-0.3388787194603887,0.1861198738170347,0.21534186882861392,0.8642995197797025,-1.51244111353455,33.09148264984227,中立,やや弱,1.51244111353455
距離×芝ダ×馬場状態,父ブロック,混合,C,1700×ダ×良,地極地,455,0.08791208791208792,0.06977930509783428,1.2598590339761981,1.6298669355193227,0.16703296703296702,0.20728112313948316,0.8058281646832238,-2.5172062770296395,110.7912087912088,やや強,弱,2.5172062770296395
距離×芝ダ×馬場状態,父ブロック,混合,B,1800×ダ×良,地極地,1362,0.05506607929515418,0.069185954953747,0.7959141321669636,-2.2255369375651783,0.2195301027900147,0.20853665104169428,1.0527171204361692,1.2156497875226,55.07342143906021,弱,中立,2.2255369375651783
距離×芝ダ×馬場状態,父ブロック,混合,C,1300×ダ×良,地バ極,329,0.04559270516717325,0.0734911127932484,0.6203839271755025,-2.071255980396365,0.22492401215805471,0.21933976549228204,1.0254593445618012,0.2932348321444451,36.2613981762918,弱,中立,2.071255980396365
距離×芝ダ×馬場状態,父ブロック,混合,B,1400×ダ×重,地地地,590,0.06949152542372881,0.06563587904191105,1.058742968603434,0.40170361156253415,0.1711864406779661,0.19989716061103294,0.8563725475374151,-2.052568132689074,60.83050847457627,中立,弱,2.052568132689074
距離×芝ダ×馬場状態,父ブロック,混合,C,1600×芝×良,バ地地,305,0.05573770491803279,0.06560344404615809,0.8496155305324542,-0.7320977704830011,0.24918032786885247,0.20977329601386507,1.187855330510623,1.9615156906731464,36.786885245901644,中立,やや強,1.9615156906731464
距離×芝ダ×馬場状態,父ブロック,混合,C,2100×ダ×良,地地地,452,0.046460176991150445,0.06676533032160692,0.6958727945679732,-1.8569005691933773,0.2013274336283186,0.19979728444925443,1.0076585083890506,0.09690736443239525,29.889380530973455,やや弱,中立,1.8569005691933773
距離×芝ダ×馬場状態,父ブロック,混合,B,1200×芝×稍重,極極地,506,0.05928853754940711,0.06421941872052987,0.9232182216942671,-0.47719323587616247,0.22134387351778656,0.19353505008099306,1.1436888223872406,1.801365602787425,73.53754940711462,中立,やや強,1.801365602787425
距離×芝ダ×馬場状態,父ブロック,混合,B,1800×ダ×良,地極バ,740,0.08783783783783784,0.0852614295813364,1.0302177463966125,0.27276932876947957,0.22972972972972974,0.25244384189114494,0.9100231085406724,-1.7532223161247813,82.3648648648649,中立,やや弱,1.7532223161247813
距離×芝ダ×馬場状態,父ブロック,混合,C,1400×芝×稍重,地バ極,423,0.07801418439716312,0.07433280396363766,1.049525650012158,0.3064606775709428,0.1938534278959811,0.22372394259869147,0.8664849440978648,-1.7376787550326527,68.06146572104018,中立,やや弱,1.7376787550326527
距離×芝ダ×馬場状態,父ブロック,混合,B,1800×芝×良,地極地,1611,0.05524518932340161,0.06139130501892539,0.899886218518582,-1.1046736071283985,0.20732464307883303,0.19329294936500543,1.0725928894971268,1.7117045082606352,78.64680322780883,中立,やや強,1.7117045082606352
距離×芝ダ×馬場状態,父ブロック,混合,B,1700×ダ×稍重,地地地,766,0.06657963446475196,0.07019799203439034,0.9484549705087615,-0.41639599438934655,0.23759791122715404,0.21583908430145546,1.1008104115902786,1.7059438520731505,80.18276762402088,中立,やや強,1.7059438520731505
距離×芝ダ×馬場状態,父ブロック,混合,B,1600×ダ×良,地バ極,1593,0.07219083490269931,0.07745514107282697,0.9320341284359948,-0.857195106298644,0.24419334588826114,0.22962379206138,1.0634496699844875,1.686885046032189,57.13119899560577,中立,やや強,1.686885046032189
距離×芝ダ×馬場状態,父ブロック,混合,C,1200×ダ×不良,地地地,412,0.06067961165048544,0.06252201270717128,0.9705319618337476,-0.1633861840946393,0.22330097087378642,0.19584676509285984,1.1401820743268816,1.639919575728803,85.53398058252428,中立,やや強,1.639919575728803
距離×芝ダ×馬場状態,父ブロック,混合,C,1000×ダ×良,地地極,445,0.10112359550561797,0.08630979187314235,1.1716352607390002,1.1967053343810443,0.22696629213483147,0.25500894435473975,0.8900326720269917,-1.6212137193410543,108.29213483146071,中立,やや弱,1.6212137193410543
距離×芝ダ×馬場状態,父ブロック,混合,C,1150×ダ×良,地極極,302,0.056291390728476824,0.0648287847249682,0.8683085911187337,-0.6342721406814954,0.23178807947019867,0.19984785228778434,1.1598227192175168,1.5982858092397487,67.98013245033113,中立,やや強,1.5982858092397487
距離×芝ダ×馬場状態,父ブロック,混合,B,2000×芝×良,地極地,2444,0.05687397708674304,0.06404758519318837,0.8879956506586878,-1.5553912234275773,0.21031096563011456,0.20080612296520198,1.0473334304978326,1.405243927729846,54.414893617021285,やや弱,中立,1.5553912234275773
