年月日,場所,R,馬番,馬名,調教師,芝・ダ,血統登録番号,前日坂路Time1,前日坂路本数,前日坂路時刻,前日坂路あり,前日坂路調教日
20261010,京都,1,1,ダンスコマンド,高橋一哉,ダ,24105941,67.0,1.0,6:23,True,20261009
20261010,京都,1,10,ジェルメーヌ,中尾秀正,ダ,24107301,69.4,1.0,6:19,True,20261009
20261010,京都,1,11,バヤールロック,中村直也,ダ,24106149,64.2,1.0,8:22,True,20261009
20261010,京都,1,12,エヴァサンライズ,石坂公一,ダ,24101995,63.0,1.0,8:38,True,20261009
20261010,京都,1,13,コンヴィヴィアル,河嶋宏樹,ダ,24108223,,,,False,
20261010,京都,1,14,マコトブリッツ,武英智,ダ,24102997,65.6,1.0,7:02,True,20261009
20261010,京都,1,2,リヴァイアサン,四位洋文,ダ,24100204,65.5,1.0,8:53,True,20261009
20261010,京都,1,3,サンライズビッグ,安田翔伍,ダ,24101100,63.9,1.0,8:04,True,20261009
20261010,京都,1,4,レイルジェット,藤野健太,ダ,24105150,,,,False,
20261010,京都,1,5,バトゥル,浜田多実,ダ,24101739,66.1,1.0,7:18,True,20261009
20261010,京都,1,6,ジョイザモーメント,橋田宜長,ダ,24101882,,,,False,
20261010,京都,1,7,ノヴァアクレイム,中竹和也,ダ,24108210,,,,False,
20261010,京都,1,8,フラッシングルビー,辻野泰之,ダ,24107045,62.9,1.0,6:05,True,20261009
20261010,京都,1,9,パクスフェリーチェ,角田晃一,ダ,24107015,63.9,1.0,6:16,True,20261009
20261010,京都,10,1,タガノアンファン,石坂公一,芝,22106555,66.3,1.0,6:14,True,20261009
20261010,京都,10,10,ヤマニンレセディ,長谷川浩,芝,22106605,,,,False,
20261010,京都,10,11,マーゴットラヴミー,小林真也,芝,23103889,,,,False,
20261010,京都,10,12,テーオーシュタイン,梅田智之,芝,22104879,61.1,1.0,7:32,True,20261009
20261010,京都,10,13,タナスーペルノーバ,寺島良,芝,23102661,,,,False,
20261010,京都,10,14,キングケープ,大橋勇樹,芝,23102990,,,,False,
20261010,京都,10,15,ワンコールアウェイ,杉山晴紀,芝,22104180,69.0,1.0,6:20,True,20261009
20261010,京都,10,2,ノボリリア,石橋守,芝,22103058,,,,False,
20261010,京都,10,3,ブルーサンセット,奥村豊,芝,22104698,,,,False,
20261010,京都,10,4,プチプラージュ,大根田裕,芝,22104050,,,,False,
20261010,京都,10,5,アスゴッド,矢作芳人,芝,22103704,,,,False,
20261010,京都,10,6,エルハーベン,藤岡健一,芝,23107169,,,,False,
20261010,京都,10,7,アイルドリアン,井上智史,芝,21105605,,,,False,
20261010,京都,10,8,ウチュウノセカイ,青木孝文,芝,23106665,,,,False,
20261010,京都,10,9,ヒーローインチーフ,吉田直弘,芝,21106661,,,,False,
20261010,京都,11,1,ダンツシタン,本田優,ダ,23104848,,,,False,
20261010,京都,11,10,ベルダイナフェロー,東田明士,ダ,21102982,64.4,1.0,6:04,True,20261009
20261010,京都,11,11,サイモンシュバリエ,梅田智之,ダ,22102223,60.9,1.0,7:32,True,20261009
20261010,京都,11,12,ゲキザル,青木孝文,ダ,19102102,,,,False,
20261010,京都,11,13,サンライズケヴィン,平田修,ダ,23106546,63.7,1.0,6:13,True,20261009
20261010,京都,11,2,ミカッテヨンデイイ,室井潔,ダ,20103049,,,,False,
20261010,京都,11,3,ドラゴン,松永幹夫,ダ,22105439,64.9,1.0,8:45,True,20261009
20261010,京都,11,4,ショウサンジョージ,松下武士,ダ,22102131,65.7,1.0,6:12,True,20261009
20261010,京都,11,5,リベッチオ,杉山晴紀,ダ,23107082,66.8,1.0,6:19,True,20261009
20261010,京都,11,6,オリーブグリーン,矢作芳人,ダ,22105694,62.9,1.0,8:10,True,20261009
20261010,京都,11,7,テーオールビー,宮徹,ダ,21109027,,,,False,
20261010,京都,11,8,メイショウコガシラ,本田優,ダ,20100979,67.7,1.0,8:27,True,20261009
20261010,京都,11,9,ラオラシオン,斎藤誠,ダ,21105262,,,,False,
20261010,京都,12,1,リテラシー,昆貢,ダ,23105215,,,,False,
20261010,京都,12,10,クリノセーラーマン,大橋勇樹,ダ,23101199,,,,False,
20261010,京都,12,11,ダディーズアイル,千田輝彦,ダ,21104673,,,,False,
20261010,京都,12,12,ジャカルタバオ,藤野健太,ダ,23104888,,,,False,
20261010,京都,12,13,シャープインサイト,東田明士,ダ,23106289,64.6,1.0,6:04,True,20261009
20261010,京都,12,14,コンテナライン,牧浦充徳,ダ,22105954,,,,False,
20261010,京都,12,15,テイクイットオール,中竹和也,ダ,22106647,,,,False,
20261010,京都,12,16,モズジェネラル,田中克典,ダ,23105727,66.9,1.0,6:29,True,20261009
20261010,京都,12,2,ゼルダ,鈴木孝志,ダ,23103232,,,,False,
20261010,京都,12,3,スレッドザニードル,安達昭夫,ダ,22102003,,,,False,
20261010,京都,12,4,キアヌ,小崎憲,ダ,22106585,,,,False,
20261010,京都,12,5,ペプチドレオン,武英智,ダ,23104876,66.3,1.0,8:14,True,20261009
20261010,京都,12,6,レイム,高橋康之,ダ,21106942,67.9,1.0,6:45,True,20261009
20261010,京都,12,7,ガビーズブラザー,牧田和弥,ダ,22104448,64.9,1.0,6:59,True,20261009
20261010,京都,12,8,テーオーカイザー,高柳大輔,ダ,23101592,,,,False,
20261010,京都,12,9,ララバッカナール,佐藤悠太,ダ,21107097,,,,False,
20261010,京都,2,1,ダノンキューブ,橋口慎介,芝,24106180,63.2,1.0,6:25,True,20261009
20261010,京都,2,2,コンセルノ,高橋義忠,芝,24102197,65.4,1.0,6:12,True,20261009
20261010,京都,2,3,イーサンマリーン,吉村圭司,芝,24102380,67.2,1.0,6:18,True,20261009
20261010,京都,2,4,アヴレディール,松永幹夫,芝,24105638,66.4,1.0,6:13,True,20261009
20261010,京都,2,5,ジョリーエピキュア,高柳大輔,芝,24105896,,,,False,
20261010,京都,2,6,リヴィエラヴィル,坂口智康,芝,24105799,63.8,1.0,7:33,True,20261009
20261010,京都,2,7,マリナーヴァレイ,石坂公一,芝,24106232,,,,False,
20261010,京都,2,8,バティック,上村洋行,芝,24106168,64.7,1.0,6:06,True,20261009
20261010,京都,2,9,ルージュプリメーロ,須貝尚介,芝,24101400,,,,False,
20261010,京都,3,1,ダイヴ,羽月友彦,芝,24100874,,,,False,
20261010,京都,3,2,ジャンゴッド,杉山晴紀,芝,24106624,,,,False,
20261010,京都,3,3,メイショウリベロ,安達昭夫,芝,24101549,69.8,1.0,7:12,True,20261009
20261010,京都,3,4,アイオリスパルス,長谷川浩,芝,24106991,65.9,1.0,6:08,True,20261009
20261010,京都,3,5,シャーロットタウン,藤岡健一,芝,24101407,,,,False,
20261010,京都,3,6,ドーンレーサー,中村直也,芝,24105844,,,,False,
20261010,京都,3,7,ロックウイズミー,緒方努,芝,24102159,,,,False,
20261010,京都,3,8,プレシャスタイム,須貝尚介,芝,24106140,,,,False,
20261010,京都,4,1,メイショウウネビ,本田優,ダ,19104112,,,,False,
20261010,京都,4,10,コスモチプリア,松永康利,ダ,20105774,,,,False,
20261010,京都,4,11,シャンドゥレール,手塚貴徳,ダ,20103053,,,,False,
20261010,京都,4,12,アメリカンピース,東田明士,ダ,18110131,,,,False,
20261010,京都,4,13,ヴェールランス,中舘英二,ダ,19104767,,,,False,
20261010,京都,4,14,フォージドブリック,西田雄一,ダ,21104800,,,,False,
20261010,京都,4,2,ルドヴィクス,久保田貴,ダ,18105213,,,,False,
20261010,京都,4,3,ミレニアムヒロイン,池上昌和,ダ,21103480,,,,False,
20261010,京都,4,4,ホウオウプレシャス,天間昭一,ダ,20103939,,,,False,
20261010,京都,4,5,ソレルビュレット,松尾卓哉,ダ,21110061,,,,False,
20261010,京都,4,6,アスクオンディープ,前川恭子,ダ,19101612,,,,False,
20261010,京都,4,7,リッケンバッカー,西村真幸,ダ,18103590,,,,False,
20261010,京都,4,8,ライツフォル,高橋義忠,ダ,20103398,,,,False,
20261010,京都,4,9,パープルアドミラル,堀内岳志,ダ,20104328,,,,False,
20261010,京都,5,1,サラサランラン,藤原英昭,芝,24104360,64.6,1.0,7:24,True,20261009
20261010,京都,5,10,テンカ,森田直行,芝,24102367,67.2,1.0,6:47,True,20261009
20261010,京都,5,11,マリアーナ,武英智,芝,24104231,65.6,1.0,8:08,True,20261009
20261010,京都,5,12,ドマ,坂口智康,芝,24102178,65.1,1.0,7:33,True,20261009
20261010,京都,5,13,ワールドプラージュ,中竹和也,芝,24103537,,,,False,
20261010,京都,5,14,ジョワイエトワール,藤野健太,芝,24103241,,,,False,
20261010,京都,5,2,ハニーベル,高野友和,芝,24103489,,,,False,
20261010,京都,5,3,クインズアンジェロ,野中賢二,芝,24102546,67.4,1.0,7:07,True,20261009
20261010,京都,5,4,アイデア,中内田充,芝,24106722,,,,False,
20261010,京都,5,5,ハクサンゲント,緒方努,芝,24102604,65.3,1.0,6:14,True,20261009
20261010,京都,5,6,ドンクラッシュ,斉藤崇史,芝,24106396,69.6,1.0,6:33,True,20261009
20261010,京都,5,7,トゥルーライフ,前川恭子,芝,24106871,,,,False,
20261010,京都,5,8,キューティボンド,福永祐一,芝,24106316,,,,False,
20261010,京都,5,9,モズモーク,牧田和弥,芝,24104917,65.1,1.0,6:07,True,20261009
20261010,京都,6,1,マイスターシューズ,小椋研介,ダ,24100744,67.5,1.0,8:15,True,20261009
20261010,京都,6,10,ワンダリングスター,的場均,ダ,24104009,,,,False,
20261010,京都,6,11,カムトゥルー,荒川義之,ダ,24103480,66.2,1.0,8:56,True,20261009
20261010,京都,6,2,シムサラビン,浜田多実,ダ,24109047,,,,False,
20261010,京都,6,3,メイショウソウハ,高橋義忠,ダ,24102053,64.8,1.0,8:52,True,20261009
20261010,京都,6,4,カンソウシタイナ,森秀行,ダ,24108336,,,,False,
20261010,京都,6,5,ヴァルクシェル,岡田稲男,ダ,24105646,64.1,1.0,7:59,True,20261009
20261010,京都,6,6,スカイランデヴー,坂口智康,ダ,24102661,63.4,1.0,6:09,True,20261009
20261010,京都,6,7,ロマノフ,中村直也,ダ,24108362,68.6,1.0,6:29,True,20261009
20261010,京都,6,8,メイショウビジュー,飯田祐史,ダ,24102879,,,,False,
20261010,京都,6,9,ライフイズアソング,小栗実,ダ,24108374,,,,False,
20261010,京都,7,1,ブラックドレス,谷潔,ダ,21101391,65.4,1.0,6:07,True,20261009
20261010,京都,7,10,フェロニエール,高野友和,ダ,21105519,,,,False,
20261010,京都,7,11,リーチグローリー,浜田多実,ダ,23103590,,,,False,
20261010,京都,7,12,アーデルリーベ,斉藤崇史,ダ,22104633,,,,False,
20261010,京都,7,13,レディーゴール,前川恭子,ダ,23100917,,,,False,
20261010,京都,7,14,シュネルアンジュ,寺島良,ダ,23102948,,,,False,
20261010,京都,7,15,ヒメモモアスク,野中賢二,ダ,22102293,67.5,1.0,8:21,True,20261009
20261010,京都,7,16,ドリームキャリー,新谷功一,ダ,23100063,,,,False,
20261010,京都,7,2,シャフメラン,新谷功一,ダ,23103568,,,,False,
20261010,京都,7,3,リアンクトワ,辻野泰之,ダ,21103293,63.4,1.0,8:42,True,20261009
20261010,京都,7,4,エイコーンドリーム,河嶋宏樹,ダ,23104858,,,,False,
20261010,京都,7,5,クイーンズホリデー,清水久詞,ダ,23100941,,,,False,
20261010,京都,7,6,オヤツノジカン,高橋義忠,ダ,23107477,67.8,1.0,8:52,True,20261009
20261010,京都,7,7,ガールズデイアウト,吉村圭司,ダ,22101706,67.3,1.0,6:18,True,20261009
20261010,京都,7,8,オーケーリアン,宮地貴稔,ダ,23105544,,,,False,
20261010,京都,7,9,アンリーベイビー,茶木太樹,ダ,21103723,64.6,1.0,6:05,True,20261009
20261010,京都,8,1,ニシノフランケン,北出成人,芝,24103936,64.8,1.0,8:59,True,20261009
20261010,京都,8,2,ホウオウワールド,池江泰寿,芝,24106491,64.8,1.0,8:39,True,20261009
20261010,京都,8,3,ポルトブルー,浜田多実,芝,24103455,66.5,1.0,8:58,True,20261009
20261010,京都,8,4,ゴーイントゥノヴァ,新谷功一,芝,24104681,,,,False,
20261010,京都,8,5,ビップヴィーナス,田島俊明,芝,24106124,,,,False,
20261010,京都,8,6,ドラゴンバルド,福永祐一,芝,24106649,57.9,1.0,8:02,True,20261009
20261010,京都,9,1,デュアルロール,笹田和秀,ダ,22106189,,,,False,
20261010,京都,9,10,サトノロザリー,斉藤崇史,ダ,23107009,,,,False,
20261010,京都,9,11,ウォーターパラディ,岡田稲男,ダ,22103229,62.0,1.0,6:14,True,20261009
20261010,京都,9,12,エシェックオロワ,千田輝彦,ダ,23103755,,,,False,
20261010,京都,9,13,ナムラドロン,鈴木孝志,ダ,23106240,65.6,1.0,6:21,True,20261009
20261010,京都,9,14,モズイージス,高橋康之,ダ,21102151,63.8,1.0,7:29,True,20261009
20261010,京都,9,15,リアルアルバ,大橋勇樹,ダ,23101065,67.7,1.0,9:26,True,20261009
20261010,京都,9,16,フィアーブル,長谷川浩,ダ,23103674,,,,False,
20261010,京都,9,2,アパレイユ,西園翔太,ダ,23106321,,,,False,
20261010,京都,9,3,チャチャピンク,北出成人,ダ,22104176,65.2,1.0,6:14,True,20261009
20261010,京都,9,4,マテンロウミラクル,柴田卓,ダ,21105993,,,,False,
20261010,京都,9,5,ケイエイト,羽月友彦,ダ,20103673,69.5,1.0,8:52,True,20261009
20261010,京都,9,6,テーオーパーセル,宮徹,ダ,23105435,68.5,1.0,6:31,True,20261009
20261010,京都,9,7,グランデスフィーダ,佐藤悠太,ダ,20104913,63.6,1.0,7:28,True,20261009
20261010,京都,9,8,エナジーガンツ,小椋研介,ダ,22103286,66.8,1.0,8:15,True,20261009
20261010,京都,9,9,オウケンブラッド,畑端省吾,ダ,23106669,69.4,1.0,6:47,True,20261009
20261010,東京,1,1,ソットマツモト,竹内正洋,ダ,24102650,,,,False,
20261010,東京,1,10,ノヴェルアレイア,矢野英一,ダ,24102025,,,,False,
20261010,東京,1,11,ルスカーレット,牧光二,ダ,24104729,,,,False,
20261010,東京,1,12,ポッドエステラ,伊藤圭三,ダ,24102381,65.7,1.0,8:12,True,20261009
20261010,東京,1,13,ホシノサミダレ,浅利英明,ダ,24100301,65.7,1.0,6:01,True,20261009
20261010,東京,1,14,リアスブルー,菊沢隆徳,ダ,24106071,,,,False,
20261010,東京,1,15,クラウンロムパイア,松永康利,ダ,24100293,,,,False,
20261010,東京,1,16,ルスデルカミーノ,杉浦宏昭,ダ,24100423,,,,False,
20261010,東京,1,2,ディアファザー,中川公成,ダ,24105058,,,,False,
20261010,東京,1,3,リングスター,秋本大介,ダ,24102009,,,,False,
20261010,東京,1,4,ソラティオ,粕谷昌央,ダ,24102461,64.9,1.0,6:07,True,20261009
20261010,東京,1,5,ゲンロクコイモヨウ,田中勝春,ダ,24107057,61.8,1.0,6:47,True,20261009
20261010,東京,1,6,ヴィンチェローズ,青木孝文,ダ,24101502,,,,False,
20261010,東京,1,7,サイモンオリエント,勢司和浩,ダ,24102477,,,,False,
20261010,東京,1,8,セイカタカキヤチク,相沢郁,ダ,24103128,65.4,1.0,5:59,True,20261009
20261010,東京,1,9,ラフエルガ,鈴木伸尋,ダ,24105946,64.7,1.0,6:34,True,20261009
20261010,東京,10,1,マウントバーノン,戸田博文,ダ,22105197,67.8,1.0,6:08,True,20261009
20261010,東京,10,10,デールエルバハリ,杉山佳明,ダ,23106955,,,,False,
20261010,東京,10,11,シテフローラル,堀宣行,ダ,18105086,67.7,1.0,6:08,True,20261009
20261010,東京,10,12,タイキインドラ,平岩大典,ダ,22103149,,,,False,
20261010,東京,10,13,エーデル,金成貴史,ダ,21105321,,,,False,
20261010,東京,10,14,ボクマダネムイヨ,東田明士,ダ,23102553,,,,False,
20261010,東京,10,15,メイショウジンライ,高橋亮,ダ,23103152,,,,False,
20261010,東京,10,16,シャローファースト,安田翔伍,ダ,23107258,,,,False,
20261010,東京,10,2,ユウトザユウト,小崎憲,ダ,22110118,,,,False,
20261010,東京,10,3,インナーパッション,斎藤誠,ダ,23103714,63.3,1.0,9:01,True,20261009
20261010,東京,10,4,マッドゲイル,上原佑紀,ダ,23103701,64.8,1.0,6:20,True,20261009
20261010,東京,10,5,バタール,鹿戸雄一,ダ,22104601,65.0,1.0,5:58,True,20261009
20261010,東京,10,6,サイモンルモンド,的場均,ダ,17106722,67.0,1.0,8:20,True,20261009
20261010,東京,10,7,コズミックダンサー,橋田宜長,ダ,22104740,,,,False,
20261010,東京,10,8,ダブルメッセージ,和田正一,ダ,22106337,,,,False,
20261010,東京,10,9,レッドリベルタ,庄野靖志,ダ,21102436,,,,False,
20261010,東京,11,1,ギブリ,松永幹夫,芝,24105852,,,,False,
20261010,東京,11,10,アイファーマーリン,蛯名利弘,芝,24105215,,,,False,
20261010,東京,11,11,ハンサム,清水久詞,芝,24104872,,,,False,
20261010,東京,11,2,デミアン,斎藤誠,芝,24108228,64.0,1.0,6:22,True,20261009
20261010,東京,11,3,サトノハクマイ,斎藤誠,芝,24102281,63.4,1.0,6:22,True,20261009
20261010,東京,11,4,アゴルディーノ,中舘英二,芝,24105444,67.2,1.0,6:04,True,20261009
20261010,東京,11,5,フィリオソラーレ,木村哲也,芝,24106538,67.3,1.0,6:00,True,20261009
20261010,東京,11,6,ベルウッドディープ,室井潔,芝,24101333,66.2,1.0,6:21,True,20261009
20261010,東京,11,7,ニシノトラノスケ,千葉直人,芝,24102993,,,,False,
20261010,東京,11,8,グルーヴェンス,高柳瑞樹,芝,24101344,,,,False,
20261010,東京,11,9,ジップスパーク,中舘英二,芝,24105893,69.6,1.0,5:59,True,20261009
20261010,東京,12,1,ウルトラハート,中尾秀正,ダ,23104157,,,,False,
20261010,東京,12,10,ゴーゴーパンチ,天間昭一,ダ,23103931,65.3,1.0,6:08,True,20261009
20261010,東京,12,11,スーパーガール,伊藤圭三,ダ,23102602,66.1,1.0,6:57,True,20261009
20261010,東京,12,12,リアライズタキオン,手塚貴久,ダ,23105224,65.7,1.0,6:07,True,20261009
20261010,東京,12,13,フリッシュ,平田修,ダ,23101231,,,,False,
20261010,東京,12,14,インヴェスター,佐藤吉勝,ダ,21101647,69.3,1.0,6:24,True,20261009
20261010,東京,12,15,ダイオジェナイト,稲垣幸雄,ダ,21105432,,,,False,
20261010,東京,12,16,ラルフテソーロ,伊藤圭三,ダ,22102269,65.7,1.0,6:06,True,20261009
20261010,東京,12,2,エコロバロン,菊沢隆徳,ダ,23104992,,,,False,
20261010,東京,12,3,シュヴァルツシルト,田島俊明,ダ,23100359,,,,False,
20261010,東京,12,4,トップマジシャン,石栗龍彦,ダ,23105067,66.2,1.0,8:14,True,20261009
20261010,東京,12,5,アイファーファイト,的場均,ダ,19101233,,,,False,
20261010,東京,12,6,ブルーユンチェリー,水野貴広,ダ,22103011,67.9,1.0,6:04,True,20261009
20261010,東京,12,7,ロードフロイデ,小栗実,ダ,22100613,,,,False,
20261010,東京,12,8,プレダトゥール,北出成人,ダ,23103171,,,,False,
20261010,東京,12,9,マーガレットクレア,黒岩陽一,ダ,23100722,66.5,1.0,6:39,True,20261009
20261010,東京,2,1,セレネリオン,浅利英明,芝,24101842,68.8,1.0,6:01,True,20261009
20261010,東京,2,10,ヴァルフォース,加藤征弘,芝,24105987,,,,False,
20261010,東京,2,11,ホワイトホール,清水英克,芝,24104300,,,,False,
20261010,東京,2,12,ゴールデンハニビー,黒岩陽一,芝,24106263,64.2,1.0,6:01,True,20261009
20261010,東京,2,13,リアスハート,水野貴広,芝,24107358,67.7,1.0,6:07,True,20261009
20261010,東京,2,2,マーズワース,小手川準,芝,24102809,,,,False,
20261010,東京,2,3,エバーラスティング,小笠倫弘,芝,24103598,,,,False,
20261010,東京,2,4,ラッパースヴィル,手塚貴徳,芝,24106403,,,,False,
20261010,東京,2,5,マイサマーガール,伊藤伸一,芝,24100868,,,,False,
20261010,東京,2,6,フェリスセンダ,本間忍,芝,24103412,,,,False,
20261010,東京,2,7,ローズファミリー,田中剛,芝,24101760,,,,False,
20261010,東京,2,8,ソプラノクイーン,中舘英二,芝,24106878,65.3,1.0,7:51,True,20261009
20261010,東京,2,9,ルーチェルナーレ,稲垣幸雄,芝,24103196,,,,False,
20261010,東京,3,1,アンドレイア,牧光二,ダ,24102705,,,,False,
20261010,東京,3,10,ゴルトシェーン,武井亮,ダ,24105499,64.1,1.0,8:10,True,20261009
20261010,東京,3,11,ノシェリー,鈴木慎太,ダ,24106085,69.4,1.0,6:18,True,20261009
20261010,東京,3,12,プラチナリーフ,林徹,ダ,24106171,69.8,1.0,6:29,True,20261009
20261010,東京,3,13,フレイムオブキング,稲垣幸雄,ダ,24105698,,,,False,
20261010,東京,3,14,コックコート,加藤和宏,ダ,24103175,,,,False,
20261010,東京,3,15,ディスクリートサム,栗田徹,ダ,24100688,,,,False,
20261010,東京,3,16,サスケソルトバーン,和田雄二,ダ,24102123,65.9,1.0,8:10,True,20261009
20261010,東京,3,2,マーゴットパラディ,伊坂重信,ダ,24101971,64.5,1.0,6:05,True,20261009
20261010,東京,3,3,エコロガレル,中舘英二,ダ,24101684,68.7,1.0,6:03,True,20261009
20261010,東京,3,4,トパーズヘッド,佐藤吉勝,ダ,24101845,69.6,1.0,7:59,True,20261009
20261010,東京,3,5,フジサンインフレ,池上昌和,ダ,24100161,64.9,1.0,6:04,True,20261009
20261010,東京,3,6,タイセイリッター,新開幸一,ダ,24100824,69.1,1.0,6:10,True,20261009
20261010,東京,3,7,サイモントレノ,奥平雅士,ダ,24104675,,,,False,
20261010,東京,3,8,レッジェランツァ,田中博康,ダ,24106982,,,,False,
20261010,東京,3,9,ナムラアラバイ,武市康男,ダ,24100828,,,,False,
20261010,東京,4,1,プルメリアビーチ,室井潔,ダ,24105003,66.8,1.0,6:21,True,20261009
20261010,東京,4,10,ドナラクシュミー,高木登,ダ,24103388,,,,False,
20261010,東京,4,11,ツイストリフト,小栗実,ダ,24108364,,,,False,
20261010,東京,4,12,コペルニクス,相沢郁,ダ,24107382,65.9,1.0,5:59,True,20261009
20261010,東京,4,13,ヴァルガルデーナ,矢野英一,ダ,24104969,,,,False,
20261010,東京,4,14,ファイティングボス,武市康男,ダ,24103970,,,,False,
20261010,東京,4,15,カラメーロ,堀内岳志,ダ,24100357,,,,False,
20261010,東京,4,16,ヴァーヴヴァーヴ,小崎憲,ダ,24108342,,,,False,
20261010,東京,4,2,ポッドトリガー,蛯名正義,ダ,24107188,62.6,1.0,5:56,True,20261009
20261010,東京,4,3,トーアレオン,村田一誠,ダ,24107103,,,,False,
20261010,東京,4,4,エコロヴォルグ,森秀行,ダ,24108339,,,,False,
20261010,東京,4,5,クールランナー,青木孝文,ダ,24106992,,,,False,
20261010,東京,4,6,ジャムセッション,伊藤圭三,ダ,24100453,64.6,1.0,6:49,True,20261009
20261010,東京,4,7,タマモチーキー,伊藤圭三,ダ,24101363,65.0,1.0,8:12,True,20261009
20261010,東京,4,8,ジェラシックパーク,深山雅史,ダ,24102761,,,,False,
20261010,東京,4,9,フィルモアイースト,池上昌和,ダ,24101918,65.5,1.0,8:48,True,20261009
20261010,東京,5,1,サトノカグラ,木村哲也,芝,24106323,68.0,1.0,6:00,True,20261009
20261010,東京,5,10,アスクゴクジョウ,藤原英昭,芝,24106369,,,,False,
20261010,東京,5,11,リュウゴリーベ,小野次郎,芝,24101892,62.9,1.0,6:55,True,20261009
20261010,東京,5,12,チャリンコリン,戸田博文,芝,24101415,,,,False,
20261010,東京,5,2,カーラベッリーナ,千葉直人,芝,24105817,,,,False,
20261010,東京,5,3,ゲームアビリティー,小笠倫弘,芝,24103817,69.0,1.0,6:06,True,20261009
20261010,東京,5,4,スノーヴァ,宮田敬介,芝,24101016,,,,False,
20261010,東京,5,5,ルミエールノット,高橋文雅,芝,24102135,,,,False,
20261010,東京,5,6,リカジョンファンク,中舘英二,芝,24102027,69.8,1.0,6:01,True,20261009
20261010,東京,5,7,ルナトレイル,奥村武,芝,24103902,,,,False,
20261010,東京,5,8,アラヤシキ,松山将樹,芝,24102838,69.8,1.0,6:21,True,20261009
20261010,東京,5,9,チリチョウズ,佐藤吉勝,芝,24103611,,,,False,
20261010,東京,6,1,クラウンスティーズ,天間昭一,芝,24100291,63.5,1.0,8:58,True,20261009
20261010,東京,6,10,ポートマンロード,堀内岳志,芝,24100256,68.5,1.0,8:15,True,20261009
20261010,東京,6,11,ジーティーストーム,松山将樹,芝,24102397,63.6,1.0,6:53,True,20261009
20261010,東京,6,12,キャンディリヒト,安田翔伍,芝,24105282,,,,False,
20261010,東京,6,13,ランギヌイ,宮田敬介,芝,24106215,60.2,1.0,6:18,True,20261009
20261010,東京,6,14,キセキノアスク,手塚貴徳,芝,24101307,,,,False,
20261010,東京,6,2,メノルカ,佐藤吉勝,芝,24106868,,,,False,
20261010,東京,6,3,セラフィムコード,中舘英二,芝,24101835,69.9,1.0,6:01,True,20261009
20261010,東京,6,4,ナムラマシュー,石栗龍彦,芝,24101624,67.6,1.0,6:54,True,20261009
20261010,東京,6,5,レイロウレンズ,武市康男,芝,24101694,,,,False,
20261010,東京,6,6,ルーチェカーロ,和田勇介,芝,24106014,,,,False,
20261010,東京,6,7,カゼノロマン,久保田貴,芝,24108291,62.9,1.0,8:59,True,20261009
20261010,東京,6,8,フェロックス,古賀慎明,芝,24103522,,,,False,
20261010,東京,6,9,ブレイクソロ,斎藤誠,芝,24106633,64.0,1.0,6:22,True,20261009
20261010,東京,7,1,サーロー,勢司和浩,ダ,23103873,67.5,1.0,6:50,True,20261009
20261010,東京,7,10,ブルーサーマル,池上昌和,ダ,23101107,66.3,1.0,8:49,True,20261009
20261010,東京,7,11,デルマザオウ,松山将樹,ダ,23101367,,,,False,
20261010,東京,7,12,ペイトー,武市康男,ダ,23103127,,,,False,
20261010,東京,7,13,ミライヘノティアラ,伊藤大士,ダ,23106113,,,,False,
20261010,東京,7,2,ショコラプリン,四位洋文,ダ,23105272,,,,False,
20261010,東京,7,3,アンディラメナ,田島俊明,ダ,23107237,,,,False,
20261010,東京,7,4,カルネヴァーレ,菊沢隆徳,ダ,21103720,,,,False,
20261010,東京,7,5,ケープウィッカム,中舘英二,ダ,21105896,67.3,1.0,5:59,True,20261009
20261010,東京,7,6,クレマチス,杉山佳明,ダ,23104393,,,,False,
20261010,東京,7,7,ビスケットマリー,和田雄二,ダ,22102984,67.2,1.0,7:48,True,20261009
20261010,東京,7,8,グロリアス,新谷功一,ダ,23102891,,,,False,
20261010,東京,7,9,スーパーチャンド,大和田成,ダ,22102286,,,,False,
20261010,東京,8,1,コスモアチーブ,伊藤大士,芝,22106792,,,,False,
20261010,東京,8,10,ストレートブラック,奥平雅士,芝,22103353,,,,False,
20261010,東京,8,11,オウケンヴィーナス,松永康利,芝,21105451,64.7,1.0,6:46,True,20261009
20261010,東京,8,2,ランブルスコ,蛯名正義,芝,23107013,,,,False,
20261010,東京,8,3,イスキオス,栗田徹,芝,22105223,,,,False,
20261010,東京,8,4,アローメタル,木村哲也,芝,23107256,69.9,1.0,6:00,True,20261009
20261010,東京,8,5,カーロアヴァンティ,石栗龍彦,芝,21103056,66.7,1.0,6:14,True,20261009
20261010,東京,8,6,ウップヘリーア,黒岩陽一,芝,23107228,63.9,1.0,8:57,True,20261009
20261010,東京,8,7,サンクレゾン,大竹正博,芝,23103780,67.7,1.0,7:30,True,20261009
20261010,東京,8,8,コスモアルペジオ,天間昭一,芝,23106461,64.1,1.0,8:02,True,20261009
20261010,東京,8,9,トルネードアイル,鹿戸雄一,芝,23105308,,,,False,
20261010,東京,9,1,リュクスパトロール,加藤士津,芝,23105259,,,,False,
20261010,東京,9,2,ノクターン,木村哲也,芝,22105118,,,,False,
20261010,東京,9,3,ノラリクラリ,藤岡健一,芝,22105633,,,,False,
20261010,東京,9,4,ビップチェイス,田島俊明,芝,21105763,69.4,1.0,6:12,True,20261009
20261010,東京,9,5,レイデラルース,西田雄一,芝,21105475,,,,False,
20261010,東京,9,6,キングズトゥルー,大竹正博,芝,22103510,66.4,1.0,6:05,True,20261009
20261010,東京,9,7,ジュンツバメガエシ,友道康夫,芝,20103208,,,,False,
20261010,東京,9,8,イクリール,青木孝文,芝,21106563,66.5,1.0,6:44,True,20261009
20261010,東京,9,9,ノーブルクライ,中舘英二,芝,20102976,69.9,1.0,6:15,True,20261009
