年月日,場所,R,馬番,馬名,調教師,weekend_mode,B1警告,status,CSV補完,CSV調教師判定要確認,調教師判定○,厩舎追加条件,仕上げ点,仕上げ順位値
20261011,京都,1,1,サウンドエフォート,安達昭夫,坂路のみ,True,算出,False,False,False,,0,0.08170086418531909
20261011,京都,1,10,トリオハピネス,佐藤悠太,坂路のみ,False,算出,False,False,True,,7,0.2623213794817041
20261011,京都,1,11,ジーティーキャメル,宮地貴稔,坂路＋ウッド,False,算出,False,False,False,,2,0.12489339919176928
20261011,京都,1,12,ヤマトデュノール,安達昭夫,坂路のみ,False,算出,False,False,False,,0,0.08762043650434943
20261011,京都,1,13,テリオスベラ,松下武士,坂路のみ,False,算出,False,False,False,,2,0.12866900967113978
20261011,京都,1,14,シガレス,武幸四郎,坂路のみ,False,算出,False,False,False,,4,0.15730687866525536
20261011,京都,1,15,ユイパルティ,平田修,坂路＋ウッド,False,算出,False,False,False,,1,0.09506408418894732
20261011,京都,1,2,チョウサクラ,羽月友彦,坂路のみ,True,算出,False,False,False,,0,0.09119178731120331
20261011,京都,1,3,コパノキャンペーン,渡辺薫彦,坂路のみ,False,算出,False,False,False,,5,0.18448591607284648
20261011,京都,1,4,スティルラブハー,杉山佳明,ウッドのみ,False,資料不足,False,False,False,,,
20261011,京都,1,5,スイートモンブラン,松下武士,坂路のみ,True,算出,False,False,False,,1,0.09995933649194591
20261011,京都,1,6,グランモンターナ,井上智史,坂路のみ,False,算出,False,False,False,,3,0.14259309335838943
20261011,京都,1,7,タガノレクシア,鈴木孝志,坂路のみ,False,算出,False,False,False,,4,0.16127071192997067
20261011,京都,1,8,ナムラモモタロー,羽月友彦,坂路のみ,False,算出,False,False,False,,6,0.21635764839102384
20261011,京都,1,9,アイルエクラ,新谷功一,坂路のみ,False,算出,False,False,False,,4,0.1720979493314339
20261011,京都,10,1,アルトゥーム,藤岡健一,坂路のみ,False,算出,False,False,False,,4,0.15423308479175932
20261011,京都,10,10,モアリジット,西村真幸,ウッドのみ,False,資料不足,False,False,False,,,
20261011,京都,10,11,フェアリーライク,笹田和秀,ウッドのみ,False,算出,False,False,False,,6,0.20194067044926983
20261011,京都,10,12,キングメーカー,須貝尚介,坂路のみ,False,算出,False,False,False,,7,0.25946868131599654
20261011,京都,10,13,クスクス,松下武士,坂路のみ,False,算出,False,False,False,,4,0.166265988949375
20261011,京都,10,14,ノクナレア,今野貞一,土日追い切りなし,False,算出,False,False,False,,3,0.13604549580100223
20261011,京都,10,15,ウォータークラーク,石橋守,坂路のみ,False,算出,False,False,False,,5,0.18543772932868285
20261011,京都,10,16,エポックヴィーナス,新谷功一,坂路のみ,False,資料不足,False,False,False,,,
20261011,京都,10,17,マトラコーニッシュ,池添学,坂路のみ,False,算出,False,False,False,,7,0.2388008154875075
20261011,京都,10,2,スーサンアッシャー,鈴木孝志,坂路のみ,False,算出,False,False,False,,4,0.15994238613440323
20261011,京都,10,3,リゾートアイランド,上原佑紀,坂路＋ウッド,False,算出,False,False,False,,4,0.15404482616798632
20261011,京都,10,4,トミーバローズ,清水久詞,坂路のみ,False,算出,False,False,False,,4,0.17420314540673623
20261011,京都,10,5,ハギノアルデバラン,佐藤悠太,坂路のみ,False,算出,False,False,True,,6,0.21770161680396052
20261011,京都,10,6,モズカトレア,井上智史,坂路のみ,False,算出,False,False,False,,5,0.18680860301533125
20261011,京都,10,7,アヴィオン,岡田稲男,坂路のみ,False,算出,False,False,False,,4,0.1720523337353551
20261011,京都,10,8,ミッキージュエリー,中内田充,坂路のみ,False,算出,False,False,False,,7,0.3878713541541587
20261011,京都,10,9,サクセスアイ,北出成人,坂路のみ,False,算出,False,False,False,,2,0.11664649502660175
20261011,京都,11,1,モックモック,寺島良,坂路のみ,False,算出,False,False,False,,6,0.1973626421067525
20261011,京都,11,10,レアンダー,大根田裕,土日追い切りなし,False,算出,False,False,False,,1,0.10704521063732154
20261011,京都,11,11,マリオロード,安達昭夫,坂路のみ,False,算出,False,False,False,,0,0.0730414266180677
20261011,京都,11,12,ペイシャモノノフ,畑端省吾,坂路のみ,False,算出,False,False,False,,2,0.11937500697404614
20261011,京都,11,13,メルカントゥール,杉山晴紀,坂路のみ,False,算出,False,False,False,,6,0.2160288110435053
20261011,京都,11,14,ミッキークレスト,大久保龍,坂路のみ,False,算出,False,False,False,,1,0.10507523452867874
20261011,京都,11,2,パシアンジャン,鈴木孝志,坂路のみ,True,算出,False,False,False,,1,0.09422559781243055
20261011,京都,11,3,バスタードサフラン,渡辺薫彦,坂路＋ウッド,False,算出,False,False,False,,3,0.14033507949202667
20261011,京都,11,4,ハナウマビーチ,西園翔太,坂路のみ,False,算出,False,False,False,,4,0.15309221864208541
20261011,京都,11,5,タガノバビロン,西園翔太,坂路のみ,False,算出,False,False,False,,3,0.13273284850117126
20261011,京都,11,6,ブルーサン,宮地貴稔,土日追い切りなし,False,算出,False,False,False,,2,0.11623077561242447
20261011,京都,11,7,ヴィンセンシオ,森一誠,坂路のみ,False,算出,False,False,False,,5,0.17629023919967926
20261011,京都,11,8,シュラザック,大根田裕,坂路のみ,False,算出,False,False,False,,2,0.12400271934323129
20261011,京都,11,9,ベルウェザー,茶木太樹,坂路のみ,False,算出,False,False,False,,3,0.14024534709947037
20261011,京都,12,1,メイショウトウコウ,石橋守,坂路のみ,True,算出,False,False,False,,0,0.08787544510462347
20261011,京都,12,10,ルディシャ,森田直行,坂路＋ウッド,False,算出,False,False,False,,4,0.15359381105764836
20261011,京都,12,11,マゲバスピード,藤原英昭,坂路のみ,False,算出,False,False,False,,7,0.2876492012411124
20261011,京都,12,12,レインボーステート,茶木太樹,坂路のみ,False,算出,False,False,False,,1,0.10529976643855816
20261011,京都,12,13,ドーギッド,矢作芳人,坂路のみ,False,算出,False,False,False,,6,0.21302635944388654
20261011,京都,12,14,エスティヴァリス,高橋康之,土日追い切りなし,False,算出,False,False,False,,1,0.09253963557029904
20261011,京都,12,15,ニシノイツキムスメ,北出成人,坂路のみ,False,算出,False,False,False,,4,0.15854902336001103
20261011,京都,12,16,ウインラウダ,梅田智之,坂路のみ,False,算出,False,False,False,,0,0.08849998686932146
20261011,京都,12,2,タイムレスキス,吉村圭司,坂路のみ,False,算出,False,False,False,,5,0.19369802244829457
20261011,京都,12,3,ダークマルス,杉山晴紀,坂路のみ,False,算出,False,False,True,,7,0.31153944506140896
20261011,京都,12,4,ペイシャシス,加藤公太,坂路のみ,False,資料不足,False,False,False,,,
20261011,京都,12,5,サトノセプター,上村洋行,坂路のみ,False,算出,False,False,False,,5,0.17777320741923977
20261011,京都,12,6,ルートサーティーン,辻野泰之,坂路のみ,False,資料不足,False,False,False,,,
20261011,京都,12,7,ウォーターデライト,高柳大輔,坂路のみ,False,算出,False,False,False,,7,0.26818265560269
20261011,京都,12,8,エグジスタンス,奥村豊,坂路のみ,False,算出,False,False,False,,5,0.18919697666289845
20261011,京都,12,9,ミッキーコンドル,大久保龍,坂路のみ,False,算出,False,False,False,,6,0.21214289732820418
20261011,京都,2,1,プラトーローザ,羽月友彦,坂路のみ,False,算出,False,False,False,,1,0.11280220871627267
20261011,京都,2,10,パーセンタイル,前川恭子,坂路のみ,False,算出,False,False,False,,2,0.12759453401807028
20261011,京都,2,2,ロードフローリス,小椋研介,坂路のみ,False,算出,False,False,False,,4,0.16711946701054903
20261011,京都,2,3,オンユアマークス,松永幹夫,坂路のみ,False,算出,False,False,False,,6,0.20054403037541296
20261011,京都,2,4,ルパドゥクール,上村洋行,坂路のみ,False,算出,False,False,False,,7,0.33459189926793065
20261011,京都,2,5,ジーティールーナ,緒方努,ウッドのみ,False,算出,False,False,False,,3,0.13678334390689595
20261011,京都,2,6,ハヤブサカツオー,岡田稲男,坂路＋ウッド,False,資料不足,False,False,False,,,
20261011,京都,2,7,ツーエムブレード,東田明士,坂路のみ,False,算出,False,False,False,,3,0.13431654983699573
20261011,京都,2,8,ウィナーズチェック,和田勇介,坂路＋ウッド,True,算出,False,False,False,,2,0.11527173463548943
20261011,京都,2,9,ソウカイファンキー,杉山佳明,ウッドのみ,False,資料不足,False,False,False,,,
20261011,京都,3,1,ヒメハッカ,寺島良,坂路のみ,False,算出,False,False,False,,5,0.18866826253738644
20261011,京都,3,10,ウインブリーズ,宮本博,坂路のみ,False,算出,False,False,False,,5,0.18275798535277615
20261011,京都,3,11,マイエスタ,中村直也,坂路のみ,False,算出,False,False,False,,6,0.22196184480827547
20261011,京都,3,12,アンジュエール,前川恭子,坂路のみ,False,算出,False,False,False,,3,0.14115270093626558
20261011,京都,3,13,クレセンティア,田中克典,坂路のみ,False,算出,False,False,False,,7,0.267113981835218
20261011,京都,3,14,メネルブ,中尾秀正,土日追い切りなし,False,算出,False,False,False,,2,0.11396097799021965
20261011,京都,3,15,リバティサンライズ,羽月友彦,坂路のみ,False,算出,False,False,False,,0,0.09124670681510141
20261011,京都,3,16,テーオーローズ,岡田稲男,坂路＋ウッド,True,資料不足,False,False,False,,,
20261011,京都,3,2,テムバンヴァン,畑端省吾,坂路のみ,False,資料不足,False,False,False,,,
20261011,京都,3,3,アルフェラッツ,渡辺薫彦,坂路のみ,False,算出,False,False,False,,5,0.17827751103763817
20261011,京都,3,4,ペプチドカトレア,小椋研介,坂路のみ,False,算出,False,False,False,,2,0.13145621167102664
20261011,京都,3,5,ノーブルヴィジョン,今野貞一,坂路のみ,False,算出,False,False,False,,1,0.1114987945607531
20261011,京都,3,6,ギョニソ,須貝尚介,坂路のみ,False,算出,False,False,False,,7,0.2688371868684349
20261011,京都,3,7,ダノンエポナ,千田輝彦,坂路のみ,False,算出,False,False,False,,3,0.13410209506087406
20261011,京都,3,8,メイショウノゾミ,本田優,坂路のみ,False,算出,False,False,False,,3,0.14629775194725983
20261011,京都,3,9,ルージュミスティカ,大久保龍,坂路のみ,False,算出,False,False,False,,3,0.14353436996341626
20261011,京都,4,1,ノーブルスカイ,高柳大輔,坂路のみ,False,対象外,False,False,False,,,
20261011,京都,4,2,エナジーグラン,高橋康之,土日追い切りなし,False,対象外,False,False,False,,,
20261011,京都,4,3,サラフィエル,鈴木慎太,坂路のみ,False,対象外,False,False,False,,,
20261011,京都,4,4,ニシノブレイゼスト,高木登,坂路のみ,False,対象外,False,False,False,,,
20261011,京都,4,5,ラッキーダイヤ,牧田和弥,坂路のみ,False,対象外,False,False,False,,,
20261011,京都,4,6,トゥデイイズザデイ,池江泰寿,坂路＋ウッド,False,対象外,False,False,False,,,
20261011,京都,4,7,グロリアラウス,斉藤崇史,坂路のみ,False,対象外,False,False,False,,,
20261011,京都,4,8,インターステラ,天間昭一,ウッドのみ,False,対象外,False,False,False,,,
20261011,京都,4,9,ウインシュクラン,和田正一,坂路のみ,False,対象外,False,False,False,,,
20261011,京都,5,1,ジャスティンニース,杉山晴紀,坂路のみ,False,算出,False,False,False,,7,0.24127602106667584
20261011,京都,5,10,シャカニセッポウ,北出成人,坂路のみ,False,算出,False,False,False,,4,0.1664876650080617
20261011,京都,5,11,ルーモマカーリ,今野貞一,坂路のみ,False,算出,False,False,False,,2,0.11738340543748352
20261011,京都,5,2,シルクウォード,庄野靖志,坂路のみ,False,算出,False,False,False,,3,0.13732888293274714
20261011,京都,5,3,ボワノワール,井上智史,坂路のみ,False,算出,False,False,False,,2,0.11466649619357756
20261011,京都,5,4,アルバドラータ,小栗実,坂路＋ウッド,False,算出,False,False,False,,3,0.13855636393179235
20261011,京都,5,5,レガーメフォルテ,新谷功一,坂路のみ,False,資料不足,False,False,False,,,
20261011,京都,5,6,ゴルトクリーガー,西園翔太,坂路のみ,False,算出,False,False,False,,7,0.24583041533453914
20261011,京都,5,7,イムヴァブル,高橋亮,坂路＋ウッド,False,算出,False,False,False,,5,0.18321199842401958
20261011,京都,5,8,アーケントレイル,矢作芳人,坂路のみ,True,算出,False,False,False,,3,0.13616189630638717
20261011,京都,5,9,テムルーラー,宮地貴稔,坂路のみ,False,算出,False,False,False,,2,0.1156961207872142
20261011,京都,6,1,ブラックレジェンド,寺島良,坂路のみ,False,算出,False,False,False,,4,0.15877013594738215
20261011,京都,6,10,ジャスティンダラス,杉山晴紀,坂路のみ,False,算出,False,False,False,,7,0.2941700483602487
20261011,京都,6,11,ゴールデンスラム,池江泰寿,坂路＋ウッド,False,資料不足,False,False,False,,,
20261011,京都,6,12,メイショウオグマ,安達昭夫,ウッドのみ,False,算出,False,False,False,,2,0.11897590008280955
20261011,京都,6,13,ダイメイクマモト,秋山真一,坂路のみ,False,算出,False,False,False,,3,0.15029245773951266
20261011,京都,6,14,レザーアンドレース,平田修,坂路＋ウッド,True,算出,False,False,False,,1,0.1051037227595954
20261011,京都,6,15,ブレイジングスター,高橋康之,坂路のみ,False,算出,False,False,False,,1,0.10236558165527303
20261011,京都,6,16,ハイロード,浜田多実,坂路のみ,False,算出,False,False,False,,6,0.2111643868631587
20261011,京都,6,2,ココロヅヨサ,田中克典,坂路のみ,False,算出,False,False,False,,4,0.16871276169571725
20261011,京都,6,3,キタノシャカール,吉田直弘,坂路＋ウッド,False,算出,False,False,False,,1,0.10405772085053622
20261011,京都,6,4,ミヤジオズ,鈴木孝志,坂路のみ,False,算出,False,False,False,,5,0.18471393699840533
20261011,京都,6,5,ブルーストレイル,荒川義之,坂路のみ,True,算出,False,False,False,,0,0.07142329658093131
20261011,京都,6,6,ルファーダ,大根田裕,坂路＋ウッド,False,資料不足,False,False,False,,,
20261011,京都,6,7,アルビオン,笹田和秀,ウッドのみ,False,算出,False,False,False,,1,0.10058299538976793
20261011,京都,6,8,コルヴァス,矢作芳人,坂路のみ,False,算出,False,False,False,,6,0.20979781509721124
20261011,京都,6,9,クリュギスト,松下武士,坂路のみ,False,算出,False,False,False,,3,0.13686815278506528
20261011,京都,7,1,グリュイエール,前川恭子,土日追い切りなし,False,算出,False,False,False,,2,0.12905256064405984
20261011,京都,7,10,マイリトルヒーロー,高橋康之,坂路のみ,False,算出,False,False,False,,0,0.08481363024486946
20261011,京都,7,11,カーメルタザイト,安田翔伍,坂路のみ,True,算出,False,False,False,,5,0.17595166054397787
20261011,京都,7,2,ダイチノナポリ,畑端省吾,坂路のみ,False,算出,False,False,False,,2,0.12272593658664366
20261011,京都,7,3,オーシンエス,宮徹,坂路のみ,False,算出,False,False,False,,0,0.07837748415890344
20261011,京都,7,4,カフジキアッキエレ,森田直行,ウッドのみ,False,算出,False,False,False,,2,0.1218672131659294
20261011,京都,7,5,ラパンドール,藤原英昭,坂路のみ,False,算出,False,False,False,,7,0.2554805130943272
20261011,京都,7,6,ラヴェニュー,友道康夫,坂路のみ,False,算出,False,False,True,,7,0.4167280898928171
20261011,京都,7,7,メイショウハンター,長谷川浩,ウッドのみ,False,算出,False,False,False,,2,0.1285952961058974
20261011,京都,7,8,ブルーミングローズ,高野友和,坂路のみ,False,算出,False,False,False,,7,0.25791397408743216
20261011,京都,7,9,サラコスティ,池添学,坂路のみ,True,算出,False,False,False,,4,0.16227524986248662
20261011,京都,8,1,コスモマルーン,秋本大介,坂路のみ,False,算出,False,False,False,,2,0.1299897889221877
20261011,京都,8,10,オーケアニス,松永幹夫,坂路のみ,False,算出,False,False,False,,6,0.20659265251543682
20261011,京都,8,11,ステアハート,新谷功一,坂路のみ,False,算出,False,False,False,,4,0.15934623235371081
20261011,京都,8,12,エアニゲラ,池添学,坂路のみ,False,算出,False,False,False,,7,0.23309701286657386
20261011,京都,8,13,ロイスター,笹田和秀,ウッドのみ,False,算出,False,False,False,,3,0.15060374152134404
20261011,京都,8,14,ゼットレジーナ,吉田直弘,坂路＋ウッド,False,算出,False,False,False,,2,0.11971054972896736
20261011,京都,8,15,カルミアクラウン,吉岡辰弥,ウッドのみ,False,算出,False,False,False,,5,0.1789185979401253
20261011,京都,8,16,カスバートテソーロ,畠山吉宏,坂路のみ,False,算出,False,False,False,,2,0.11506599662033076
20261011,京都,8,2,ヴンダーバール,斎藤誠,坂路のみ,False,算出,False,False,False,,6,0.21869778668183087
20261011,京都,8,3,ヴァンアグレアブル,橋口慎介,坂路のみ,False,資料不足,False,False,False,,,
20261011,京都,8,4,エターナルプロミス,茶木太樹,坂路＋ウッド,False,算出,False,False,False,,4,0.15369425755757363
20261011,京都,8,5,ラヴァブル,松下武士,坂路のみ,False,算出,False,False,False,,2,0.11539827012205671
20261011,京都,8,6,プウスカンドゥール,坂口智康,坂路のみ,False,算出,False,False,False,,0,0.07706597030815865
20261011,京都,8,7,ハギノコラソン,寺島良,坂路のみ,False,算出,False,False,True,,6,0.208041544897338
20261011,京都,8,8,オデット,緒方努,坂路のみ,False,算出,False,False,False,,2,0.1182442434313552
20261011,京都,8,9,マクノス,鈴木孝志,坂路のみ,False,算出,False,False,False,,2,0.13005671855654605
20261011,京都,9,1,メイショウバルク,安達昭夫,坂路のみ,False,算出,False,False,False,,4,0.15431369400796222
20261011,京都,9,10,ダノンプリマ,千田輝彦,坂路のみ,False,算出,False,False,False,,5,0.1853533822175671
20261011,京都,9,11,フレンズプラス,宮本博,坂路＋ウッド,False,算出,False,False,False,,7,0.24895875803831063
20261011,京都,9,12,アオイレーギーナ,宮地貴稔,坂路のみ,False,算出,False,False,False,,7,0.24150383618525484
20261011,京都,9,13,バッハアルプゼー,橋口慎介,坂路のみ,False,資料不足,False,False,False,,,
20261011,京都,9,14,カワキタマナレア,杉山佳明,ウッドのみ,False,資料不足,False,False,False,,,
20261011,京都,9,15,パールフロント,寺島良,坂路のみ,False,算出,False,False,True,,6,0.1999676815328846
20261011,京都,9,16,セールヴォラン,北出成人,坂路のみ,False,算出,False,False,False,,2,0.13115579797374943
20261011,京都,9,2,レッドレベンディス,庄野靖志,坂路のみ,False,算出,False,False,False,,3,0.14961759781650097
20261011,京都,9,3,ストラテージュ,荒川義之,坂路のみ,False,算出,False,False,False,,3,0.13838274496883105
20261011,京都,9,4,ルクスレイモンド,上原佑紀,坂路のみ,False,算出,False,False,False,,7,0.24030607498895562
20261011,京都,9,5,クインズシフォン,和田正一,坂路のみ,False,算出,False,False,False,,5,0.18006958520968877
20261011,京都,9,6,セルヴァンス,小椋研介,土日追い切りなし,False,算出,False,False,False,,3,0.14675894156673253
20261011,京都,9,7,タカスタカスタカス,藤原英昭,坂路のみ,False,算出,False,False,False,,6,0.21719485651975673
20261011,京都,9,8,タイセイディアマン,大橋勇樹,坂路のみ,False,算出,False,False,False,,4,0.16055230634738363
20261011,京都,9,9,フェアリーライズ,秋山真一,坂路のみ,False,算出,False,False,False,,2,0.11613794337321157
20261011,東京,1,1,ステラガーネット,栗田徹,坂路のみ,False,算出,False,False,False,,5,0.18910728588760103
20261011,東京,1,10,キャミソール,深山雅史,坂路のみ,False,算出,False,False,False,,3,0.14717654312797046
20261011,東京,1,11,アイファーエリース,蛯名利弘,坂路のみ,False,算出,False,False,False,,0,0.08839783409094505
20261011,東京,1,12,スードランダム,伊坂重信,坂路のみ,False,算出,False,False,False,,2,0.13026902103114768
20261011,東京,1,13,サンクレセント,伊藤圭三,ウッドのみ,False,算出,False,False,False,,2,0.12781100651853386
20261011,東京,1,14,テンユメノオーロラ,平岩大典,坂路のみ,False,算出,False,False,False,,3,0.1466070780070317
20261011,東京,1,15,ラヴァブルロマン,伊藤圭三,坂路のみ,False,算出,False,False,False,,4,0.17358465143449522
20261011,東京,1,2,ベルグラース,浅利英明,坂路のみ,False,算出,False,False,False,,5,0.18893613032979734
20261011,東京,1,3,ローブリッター,尾関知人,坂路のみ,False,算出,False,False,False,,2,0.11676023961136935
20261011,東京,1,4,アテナプロマコス,和田勇介,土日追い切りなし,False,算出,False,False,False,,4,0.15929991781669245
20261011,東京,1,5,カンタベリートップ,石栗龍彦,坂路のみ,False,算出,False,False,False,,2,0.11946047744896074
20261011,東京,1,6,フィールザウィル,伊藤大士,坂路のみ,False,算出,False,False,False,,5,0.18793594666584296
20261011,東京,1,7,ヴァルブロッサ,久保田貴,坂路のみ,False,算出,False,False,False,,7,0.34816497211800246
20261011,東京,1,8,アイビーナツユメ,牧光二,土日追い切りなし,False,算出,False,False,False,,2,0.12187935363971437
20261011,東京,1,9,サンクサンス,小栗実,ウッドのみ,False,資料不足,False,False,False,,,
20261011,東京,10,1,キョウエイカンセ,萱野浩二,坂路のみ,False,算出,False,False,False,,0,0.07141985435716629
20261011,東京,10,10,シャパリュ,菊沢隆徳,坂路のみ,False,算出,False,False,False,False,5,0.1878203531369548
20261011,東京,10,11,フウセツ,鈴木慎太,坂路のみ,False,算出,False,False,False,,4,0.15838430033430206
20261011,東京,10,12,レッドラパルマ,平岩大典,坂路のみ,False,算出,False,False,False,,3,0.1464568928670656
20261011,東京,10,13,エイプリルインパリ,高橋義忠,坂路のみ,False,算出,False,False,False,,2,0.11534611141853265
20261011,東京,10,14,サンドブラスト,鈴木慎太,坂路のみ,False,算出,False,False,False,,4,0.15768036102806268
20261011,東京,10,15,ヤマニンアストロン,石橋守,坂路のみ,False,算出,False,False,False,,4,0.15940579747537637
20261011,東京,10,16,アジアミッション,緒方努,坂路のみ,False,算出,False,False,False,,0,0.07659791216969783
20261011,東京,10,2,アスクアイルビゼア,矢作芳人,坂路のみ,False,算出,False,False,False,,3,0.1377150845063807
20261011,東京,10,3,クインズデネブ,小島茂之,坂路のみ,False,算出,False,False,False,,4,0.16361321874355741
20261011,東京,10,4,スペイドアン,加藤士津,坂路のみ,True,算出,False,False,False,,2,0.11466575043878224
20261011,東京,10,5,ガンウルフ,藤岡健一,坂路のみ,False,算出,False,False,False,,4,0.1602442390622838
20261011,東京,10,6,メイショウタムシバ,飯田祐史,坂路のみ,False,算出,False,False,False,,2,0.12494471437164509
20261011,東京,10,7,カルパ,須貝尚介,坂路のみ,False,算出,False,False,False,,7,0.2557735129027892
20261011,東京,10,8,セギレエルビエント,伊坂重信,土日追い切りなし,False,算出,False,False,False,,4,0.16744413710631859
20261011,東京,10,9,ゴールデンオスカー,堀内岳志,坂路のみ,False,算出,False,False,False,,1,0.1098840284616566
20261011,東京,11,1,ニシノティアモ,上原佑紀,坂路のみ,False,算出,False,False,False,,2,0.12031055849613925
20261011,東京,11,10,セキトバイースト,四位洋文,土日追い切りなし,False,資料不足,False,False,False,,,
20261011,東京,11,11,ラヴァンダ,中村直也,坂路のみ,False,算出,False,False,False,,4,0.1563075532342248
20261011,東京,11,12,ミアネーロ,林徹,坂路＋ウッド,False,算出,False,False,False,,7,0.25513520667907663
20261011,東京,11,13,ワタシマツワ,竹内正洋,坂路のみ,False,算出,False,False,False,,2,0.11369535575124562
20261011,東京,11,14,ハワイアンティアレ,松永幹夫,坂路のみ,False,算出,False,False,False,,2,0.12833176615156922
20261011,東京,11,15,ジョスラン,鹿戸雄一,坂路のみ,False,算出,False,False,True,,7,0.2900068477477522
20261011,東京,11,16,カムニャック,友道康夫,坂路＋ウッド,False,算出,False,False,False,,7,0.3027082332599403
20261011,東京,11,2,チェルビアット,高野友和,坂路のみ,False,算出,False,False,False,,5,0.19559075464440878
20261011,東京,11,3,クイーンズウォーク,中内田充,坂路のみ,False,算出,False,False,False,,7,0.2803434041354666
20261011,東京,11,4,クランフォード,杉山晴紀,土日追い切りなし,False,算出,False,False,False,,2,0.11865627756646276
20261011,東京,11,5,カネラフィーナ,手塚貴久,坂路のみ,False,算出,False,False,False,,5,0.19398435902553288
20261011,東京,11,6,ムイ,笹田和秀,ウッドのみ,False,算出,False,False,False,,1,0.09452955661585366
20261011,東京,11,7,ミラビリスマジック,千葉直人,坂路＋ウッド,False,算出,False,False,False,,2,0.11370092387147833
20261011,東京,11,8,ルージュソリテール,藤原英昭,坂路のみ,False,算出,False,False,False,,6,0.2229891540480143
20261011,東京,11,9,ウイントワイライト,西園翔太,坂路のみ,False,算出,False,False,False,,5,0.1906491041617012
20261011,東京,12,1,ピコテンダー,上原佑紀,坂路のみ,False,算出,False,False,False,,2,0.12782217830696607
20261011,東京,12,10,オカメノコイ,小笠倫弘,ウッドのみ,False,算出,False,False,False,,2,0.12816142964357588
20261011,東京,12,11,イノキ,岩戸孝樹,坂路のみ,False,算出,False,False,False,,3,0.1342301055643936
20261011,東京,12,12,マサノユニコーン,小島茂之,坂路のみ,False,資料不足,False,False,False,,,
20261011,東京,12,13,ドントゥザムーン,高木登,坂路のみ,False,算出,False,False,False,,3,0.15021043220142227
20261011,東京,12,14,ベルビースタローン,戸田博文,坂路のみ,False,算出,False,False,False,,3,0.13445716204767352
20261011,東京,12,15,レイアポポ,青木孝文,坂路のみ,False,算出,False,False,False,,0,0.08875346702951523
20261011,東京,12,16,キョウエイカンフ,勢司和浩,ウッドのみ,False,算出,False,False,False,,0,0.06144681216760169
20261011,東京,12,2,ズバットマサムネ,杉山佳明,坂路のみ,False,算出,False,False,False,,4,0.15459800786960265
20261011,東京,12,3,キョウエイスレーヴ,萱野浩二,ウッドのみ,False,資料不足,False,False,False,,,
20261011,東京,12,4,レディサン,栗田徹,ウッドのみ,False,資料不足,False,False,False,,,
20261011,東京,12,5,アルジェンタージョ,伊藤圭三,ウッドのみ,False,算出,False,False,False,,2,0.12488689176471518
20261011,東京,12,6,ジャスティンルマン,杉山晴紀,坂路のみ,False,算出,False,False,True,,7,0.30144850361599684
20261011,東京,12,7,ラインジーク,水野貴広,坂路のみ,False,算出,False,False,False,,0,0.08322101756057713
20261011,東京,12,8,ジャックナダル,伊坂重信,坂路＋ウッド,False,算出,False,False,False,,5,0.18251412457880611
20261011,東京,12,9,メイショウドライブ,鈴木孝志,坂路のみ,False,算出,False,False,False,,7,0.23033451977959513
20261011,東京,2,1,ノーブルグランツ,久保田貴,ウッドのみ,False,算出,False,False,False,,7,0.23326950970426014
20261011,東京,2,10,ドッグズノーズ,浅利英明,坂路＋ウッド,False,資料不足,False,False,False,,,
20261011,東京,2,11,ミラマルニ,伊藤圭三,坂路＋ウッド,False,資料不足,False,False,False,,,
20261011,東京,2,12,イツマデモマツワ,深山雅史,坂路のみ,False,算出,False,False,False,,1,0.10566982512070633
20261011,東京,2,2,ニーナラルゴ,上原博之,坂路のみ,False,算出,False,False,False,,4,0.15930460802945537
20261011,東京,2,3,ウインドピット,尾形和幸,土日追い切りなし,False,算出,False,False,False,,1,0.11272447902059649
20261011,東京,2,4,コスモシグナス,水野貴広,坂路＋ウッド,False,資料不足,False,False,False,,,
20261011,東京,2,5,セイウンウェルス,伊藤大士,土日追い切りなし,False,算出,False,False,False,,1,0.10783423325695324
20261011,東京,2,6,イントゥーザブルー,清水英克,坂路のみ,False,算出,False,False,False,,1,0.11073412460910792
20261011,東京,2,7,ドナフェリーチェ,柄崎将寿,坂路のみ,False,算出,False,False,False,,6,0.20748796424775234
20261011,東京,2,8,コスモデュアリズム,伊藤伸一,ウッドのみ,False,資料不足,False,False,False,,,
20261011,東京,2,9,ニースケンス,小島茂之,坂路のみ,False,算出,False,False,False,,7,0.257326882187063
20261011,東京,3,1,カシノデスティニー,和田雄二,土日追い切りなし,False,算出,False,False,False,,0,0.07884699335393516
20261011,東京,3,10,ビップルーチェ,田島俊明,坂路のみ,False,算出,False,False,False,,1,0.10823808293105654
20261011,東京,3,11,テイクユアタイム,中川公成,坂路のみ,False,算出,False,False,False,,1,0.10085715073210733
20261011,東京,3,12,タイセイソアリング,池上昌和,坂路のみ,False,算出,False,False,False,,4,0.15431855088841148
20261011,東京,3,13,ドナズエクリプス,清水久詞,坂路のみ,False,算出,False,False,False,,5,0.1918172690278898
20261011,東京,3,14,マイネルシードル,和田正一,土日追い切りなし,False,算出,False,False,False,,1,0.11132981935561592
20261011,東京,3,2,ヴェルバーニア,手塚貴久,坂路のみ,False,算出,False,False,False,,7,0.2445211343386241
20261011,東京,3,3,マイネルアルディ,菊川正達,ウッドのみ,False,算出,False,False,False,,1,0.10978447130654491
20261011,東京,3,4,ハイランドウインド,杉浦宏昭,ウッドのみ,False,算出,False,False,False,,2,0.11475273992191617
20261011,東京,3,5,ディヴァンパーレ,小栗実,ウッドのみ,False,算出,False,False,False,,1,0.10465035925878195
20261011,東京,3,6,パッションノーヴァ,武藤善則,坂路のみ,False,算出,False,False,False,,4,0.16904809404379054
20261011,東京,3,7,モナークスヴァラー,牧光二,坂路のみ,False,算出,False,False,False,,2,0.12686425179007504
20261011,東京,3,8,マイネルヘルリッヒ,清水英克,坂路のみ,False,算出,False,False,False,,1,0.0924934983452157
20261011,東京,3,9,ハナナ,矢作芳人,坂路のみ,True,算出,False,False,False,,3,0.13175275579700746
20261011,東京,4,1,メヌフォーコン,千葉直人,坂路＋ウッド,False,算出,False,False,False,,6,0.21407512615759602
20261011,東京,4,10,マイオーラ,松尾卓哉,坂路のみ,False,算出,False,False,False,,3,0.134536075925965
20261011,東京,4,11,ヤマトリンカーン,伊藤圭三,坂路のみ,False,算出,False,False,False,,7,0.26043548507213754
20261011,東京,4,12,マウンテンジョオー,西田雄一,土日追い切りなし,False,算出,False,False,False,,2,0.11640649258660717
20261011,東京,4,13,チャームドール,小手川準,坂路＋ウッド,False,算出,False,False,False,,1,0.10591708379257514
20261011,東京,4,14,ギルデッドグロス,黒岩陽一,坂路のみ,False,算出,False,False,False,,3,0.14864604223096944
20261011,東京,4,15,ベアフラッシュ,千葉直人,坂路のみ,False,算出,False,False,False,,6,0.20752358529522918
20261011,東京,4,16,ユイノゲリラゴウウ,深山雅史,坂路のみ,False,算出,False,False,False,,4,0.1624709603362405
20261011,東京,4,2,センターサンテ,本間忍,土日追い切りなし,False,算出,False,False,False,,0,0.059646443608865354
20261011,東京,4,3,フェスティヴガッツ,清水英克,坂路＋ウッド,False,算出,False,False,False,,3,0.14134531130220734
20261011,東京,4,4,トラストフィスティ,高木登,坂路のみ,False,算出,False,False,False,,3,0.14387546879300744
20261011,東京,4,5,オーバーゼア,伊藤伸一,ウッドのみ,False,資料不足,False,False,False,,,
20261011,東京,4,6,リオフラウス,矢野英一,坂路のみ,False,算出,False,False,False,,2,0.11997870647315606
20261011,東京,4,7,ロードアマデウス,嘉藤貴行,坂路＋ウッド,False,資料不足,False,False,False,,,
20261011,東京,4,8,レヴフィリア,伊藤圭三,坂路＋ウッド,False,資料不足,False,False,False,,,
20261011,東京,4,9,テールエメール,池上昌和,坂路のみ,False,算出,False,False,False,,4,0.16211901114538715
20261011,東京,5,1,アースグレイジング,杉浦宏昭,ウッドのみ,False,算出,False,False,False,,3,0.14257002477504566
20261011,東京,5,10,ユウミンジザイ,小手川準,坂路＋ウッド,False,算出,False,False,False,,1,0.09465674309597519
20261011,東京,5,11,ハントクス,辻哲英,坂路のみ,False,算出,False,False,False,,1,0.11189529431221402
20261011,東京,5,2,アインザッツ,宮田敬介,坂路＋ウッド,False,資料不足,False,False,False,,,
20261011,東京,5,3,マイネルユンフェン,伊藤大士,坂路のみ,False,算出,False,False,False,,3,0.1511988278227582
20261011,東京,5,4,ソルフィーナ,上原佑紀,坂路のみ,False,算出,False,False,False,,5,0.17830485702755292
20261011,東京,5,5,ラニアケア,堀宣行,坂路のみ,False,資料不足,False,False,False,,,
20261011,東京,5,6,カンキチ,菊沢隆徳,坂路のみ,False,算出,False,False,True,True,6,0.20151732632399502
20261011,東京,5,7,ハナコ,嘉藤貴行,坂路＋ウッド,False,算出,False,False,False,,7,0.2910745175351267
20261011,東京,5,8,ホールノート,尾関知人,坂路のみ,False,算出,False,False,False,,3,0.1484497899862877
20261011,東京,5,9,グロリアススマイル,小笠倫弘,坂路＋ウッド,False,算出,False,False,False,,5,0.18549111997563678
20261011,東京,6,1,ドルンレースツェン,矢嶋大樹,坂路のみ,False,算出,False,False,False,,0,0.08544285889736934
20261011,東京,6,10,ペンテリコン,武幸四郎,坂路のみ,False,算出,False,False,False,,7,0.3001604925184347
20261011,東京,6,11,ティピティーナ,林徹,坂路＋ウッド,False,算出,False,False,False,,7,0.3392953374131875
20261011,東京,6,12,ラエトゥス,斎藤誠,坂路のみ,False,算出,False,False,False,,7,0.24154921782418257
20261011,東京,6,13,テンハートビート,西田雄一,坂路のみ,False,算出,False,False,False,,5,0.19401427828001142
20261011,東京,6,14,エスシーレイジュ,松山将樹,坂路のみ,False,算出,False,False,False,,1,0.10866190055564812
20261011,東京,6,15,カーボフリオ,高木登,坂路のみ,False,算出,False,False,False,,6,0.20606763353378713
20261011,東京,6,16,ノアスペシャル,鈴木慎太,坂路のみ,False,算出,False,False,False,,2,0.13018079880460315
20261011,東京,6,2,グラスハーティー,松山将樹,坂路のみ,False,算出,False,False,False,,2,0.12030448452244405
20261011,東京,6,3,パッションディーバ,武藤善則,坂路のみ,False,算出,False,False,False,,6,0.21747059147467332
20261011,東京,6,4,ミュークチェルシー,稲垣幸雄,土日追い切りなし,False,算出,False,False,False,,3,0.14068479313295643
20261011,東京,6,5,ベルメサイア,西村真幸,坂路のみ,False,算出,False,False,False,,6,0.1995241646207336
20261011,東京,6,6,ブルームコード,小島茂之,坂路のみ,False,資料不足,False,False,False,,,
20261011,東京,6,7,プリプリプリン,伊藤圭三,坂路＋ウッド,False,資料不足,False,False,False,,,
20261011,東京,6,8,フュルスティン,加藤士津,土日追い切りなし,False,算出,False,False,False,,3,0.14540472773097235
20261011,東京,6,9,スタートレイン,黒岩陽一,坂路のみ,False,算出,False,False,False,,3,0.14607446613826516
20261011,東京,7,1,サムワンライクユー,佐藤吉勝,坂路のみ,False,算出,False,False,False,,0,0.06151377044043245
20261011,東京,7,10,タイキプレジール,矢野英一,土日追い切りなし,False,算出,False,False,False,,2,0.13109294322214665
20261011,東京,7,11,ロジリッキー,新開幸一,坂路のみ,False,算出,False,False,False,,2,0.11774495336221302
20261011,東京,7,12,タケルムサシ,斎藤誠,坂路のみ,False,算出,False,False,False,,4,0.1599983737756462
20261011,東京,7,13,ムーランオランジュ,小崎憲,坂路のみ,False,算出,False,False,False,,4,0.17393968648302713
20261011,東京,7,14,マリブオレンジ,戸田博文,坂路のみ,False,算出,False,False,False,,6,0.20206156742048728
20261011,東京,7,15,アクアマーズ,浅利英明,坂路のみ,False,算出,False,False,False,,5,0.18191672823396726
20261011,東京,7,16,オブシディアン,石栗龍彦,土日追い切りなし,False,算出,False,False,False,,2,0.11610226220773939
20261011,東京,7,2,サマーマッドネス,森秀行,坂路のみ,False,算出,False,False,False,,5,0.17689896155297052
20261011,東京,7,3,ヴァンデスペランス,中舘英二,坂路＋ウッド,False,算出,False,False,False,,7,0.24227343571669174
20261011,東京,7,4,アンシュウマト,中川公成,坂路のみ,False,算出,False,False,False,,3,0.14103455603253218
20261011,東京,7,5,カーマンライン,小島茂之,ウッドのみ,False,算出,False,False,False,,2,0.1227681414526385
20261011,東京,7,6,ワルトシュタイン,佐藤悠太,土日追い切りなし,False,算出,False,False,False,,3,0.13220198033128677
20261011,東京,7,7,ブレスドナイル,金成貴史,土日追い切りなし,False,算出,False,False,False,,4,0.15879322498323836
20261011,東京,7,8,ライカ,杉浦宏昭,ウッドのみ,False,算出,False,False,False,,1,0.10094957049658809
20261011,東京,7,9,ブルーミーティア,鈴木伸尋,坂路＋ウッド,False,算出,False,False,False,,3,0.1421208805077987
20261011,東京,8,1,イブキ,矢野英一,坂路のみ,False,算出,False,False,False,,3,0.13766906423990688
20261011,東京,8,10,ヴォートセレスト,奥村武,坂路＋ウッド,False,算出,False,False,False,,7,0.23774636507454885
20261011,東京,8,11,アンビアンス,清水久詞,坂路のみ,False,算出,False,False,False,,5,0.17778533585293008
20261011,東京,8,12,オメガストリーム,田中勝春,坂路のみ,False,算出,False,False,False,,5,0.17590608817028852
20261011,東京,8,13,ボンボンベイビー,矢作芳人,坂路のみ,False,算出,False,False,False,,4,0.17425730479322132
20261011,東京,8,14,ウルフマン,手塚貴久,坂路のみ,False,算出,False,False,False,,7,0.2595706538359525
20261011,東京,8,15,シェンロン,尾関知人,坂路のみ,False,算出,False,False,False,,4,0.17338238859769
20261011,東京,8,16,パーヴォ,吉田直弘,土日追い切りなし,False,算出,False,False,False,,1,0.10667994291623198
20261011,東京,8,17,トラストボス,高橋文雅,坂路のみ,False,算出,False,False,False,,0,0.06943022931444293
20261011,東京,8,2,イフルジャンス,金成貴史,ウッドのみ,False,算出,False,False,False,,3,0.1424811175338816
20261011,東京,8,3,サンセットビュー,新谷功一,坂路のみ,False,算出,False,False,False,,4,0.15822778073712646
20261011,東京,8,4,マイネルアウルム,伊藤伸一,坂路＋ウッド,False,算出,False,False,False,,0,0.09013952303084713
20261011,東京,8,5,ペネトレイトゴー,戸田博文,坂路のみ,False,算出,False,False,False,,4,0.15896569426901036
20261011,東京,8,6,ピースヒロフェイス,牧光二,坂路＋ウッド,False,資料不足,False,False,False,,,
20261011,東京,8,7,オニノウタゲ,和田雄二,坂路のみ,False,算出,False,False,False,,2,0.12434348074888261
20261011,東京,8,8,ポッドクロス,大竹正博,坂路のみ,False,算出,False,False,False,,4,0.16006877311682635
20261011,東京,8,9,ゴンファロニエーレ,田中博康,坂路＋ウッド,False,算出,False,False,False,False,5,0.17586757240476675
20261011,東京,9,1,ツルマウカタチ,手塚貴久,坂路のみ,False,算出,False,False,False,,7,0.2341039162561081
20261011,東京,9,10,シャンパンマーク,蛯名正義,坂路＋ウッド,False,資料不足,False,False,False,False,,
20261011,東京,9,11,フジガイフウ,岩戸孝樹,坂路のみ,False,算出,False,False,False,,6,0.21236156034415926
20261011,東京,9,12,エラルディーク,宮田敬介,坂路のみ,False,算出,False,False,False,,7,0.3271281741497049
20261011,東京,9,2,ジッピーレーサー,天間昭一,坂路のみ,False,算出,False,False,False,,1,0.10043408008529879
20261011,東京,9,3,ポペット,高橋康之,坂路のみ,False,算出,False,False,False,,1,0.10560295895068297
20261011,東京,9,4,エーデルヴェーグ,田中克典,坂路のみ,False,算出,False,False,False,,4,0.16126205416599307
20261011,東京,9,5,クールデイトナ,宮地貴稔,坂路のみ,False,算出,False,False,False,,3,0.1480113498697015
20261011,東京,9,6,ソニックライン,浅利英明,坂路＋ウッド,False,算出,False,False,False,,4,0.173210032166851
20261011,東京,9,7,フミサウンド,鹿戸雄一,坂路のみ,False,算出,False,False,True,,7,0.24091375589999842
20261011,東京,9,8,レッドレナート,手塚貴徳,坂路のみ,False,算出,False,False,False,,1,0.10595584298902684
20261011,東京,9,9,クレパスキュラー,栗田徹,坂路のみ,False,算出,False,False,False,,5,0.17728567726803424
